Plot,Block,Treatment,OTU,Species,Genus,Family,Order,Phylum,Relative.Abundance,EcM.density,Absolute.Abundance
MAT.B1.C,B1,Control,X1,Alternaria_alternata,Alternaria,Pleosporaceae,Pleosporales,Ascomycota,0.034482759,0.6791372,0.023418524
MAT.B1.C,B1,Control,X2,Articulospora_tetracladia,Articulospora,Helotiaceae,Helotiales,Ascomycota,0,0.6791372,0
MAT.B1.C,B1,Control,X3,Cadophora_finlandica,Cadophora,Helotiaceae,Helotiales,Ascomycota,0,0.6791372,0
MAT.B1.C,B1,Control,X4,Cenococcum_geophilum,Cenococcum,Gloniaceae,Mytilinidiales,Ascomycota,0.034482759,0.6791372,0.023418524
MAT.B1.C,B1,Control,X5,Chalara_sp._1,Chalara,Helotiaceae,Helotiales,Ascomycota,0,0.6791372,0
MAT.B1.C,B1,Control,X6,Cortinarius_sp._1,Cortinarius,Cortinariaceae,Agaricales,Basidiomycota,0.379310345,0.6791372,0.257603766
MAT.B1.C,B1,Control,X7,Cortinarius_croceus_1,Cortinarius,Cortinariaceae,Agaricales,Basidiomycota,0.034482759,0.6791372,0.023418524
MAT.B1.C,B1,Control,X8,Cortinarius_glandicolor,Cortinarius,Cortinariaceae,Agaricales,Basidiomycota,0.034482759,0.6791372,0.023418524
MAT.B1.C,B1,Control,X9,Cortinarius_casimiri,Cortinarius,Cortinariaceae,Agaricales,Basidiomycota,0,0.6791372,0
MAT.B1.C,B1,Control,X10,Cortinarius_croceus_2,Cortinarius,Cortinariaceae,Agaricales,Basidiomycota,0,0.6791372,0
MAT.B1.C,B1,Control,X11,Cortinarius_herpeticus,Cortinarius,Cortinariaceae,Agaricales,Basidiomycota,0,0.6791372,0
MAT.B1.C,B1,Control,X12,Cortinarius_tabularis,Cortinarius,Cortinariaceae,Agricales,Basidiomycota,0,0.6791372,0
MAT.B1.C,B1,Control,X13,Cortinarius_delibutus,Cortinarius,Cortinariaceae,Agaricales,Basidiomycota,0,0.6791372,0
MAT.B1.C,B1,Control,X14,Cortinarius_sp._2,Cortinarius,Cortinariaceae,Agaricales,Basidiomycota,0,0.6791372,0
MAT.B1.C,B1,Control,X15,Cortinarius_paragaudis,Cortinarius,Cortinariaceae,Agaricales,Basidiomycota,0,0.6791372,0
MAT.B1.C,B1,Control,X16,Cortinarius_sp._3,Cortinarius,Cortinariaceae,Agaricales,Basidiomycota,0,0.6791372,0
MAT.B1.C,B1,Control,X17,Helotiales_sp._1,Helotiales_sp._1,Helotiales_sp._1,Helotiales,Ascomycota,0,0.6791372,0
MAT.B1.C,B1,Control,X18,Laccaria_laccata,Laccaria,Tricholomataceae,Agaricales,Basidiomycota,0,0.6791372,0
MAT.B1.C,B1,Control,X19,Lactarius_vietus_1,Lactarius,Russulaceae,Russulales,Basidiomycota,0.103448276,0.6791372,0.070255572
MAT.B1.C,B1,Control,X20,Lactarius_glyciosmus,Lactarius,Russulaceae,Russulales,Basidiomycota,0,0.6791372,0
MAT.B1.C,B1,Control,X21,Lactarius_vietus_2,Lactarius,Russulaceae,Russulales,Basidiomycota,0,0.6791372,0
MAT.B1.C,B1,Control,X22,Leccinum_holopus,Leccinum,Boletaceae,Boletales,Basidiomycota,0,0.6791372,0
MAT.B1.C,B1,Control,X23,Leccinum_scabrum,Leccinum,Boletaceae,Boletales,Basidiomycota,0,0.6791372,0
MAT.B1.C,B1,Control,X24,Leccinum_variicolor_1,Leccinum,Boletaceae,Boletales,Basidiomycota,0,0.6791372,0
MAT.B1.C,B1,Control,X25,Leccinum_variicolor_2,Leccinum,Boletaceae,Boletales,Basidiomycota,0,0.6791372,0
MAT.B1.C,B1,Control,X26,Leccinum_variicolor_3,Leccinum,Boletaceae,Boletales,Basidiomycota,0,0.6791372,0
MAT.B1.C,B1,Control,X27,Leptodontidium_elatius,Leptodontidium,Helotiaceae,Helotiales,Ascomycota,0,0.6791372,0
MAT.B1.C,B1,Control,X28,Meliniomyces_variabilis,Meliniomyces,Helotiaceae,Helotiales,Ascomycota,0,0.6791372,0
MAT.B1.C,B1,Control,X29,Meliniomyces_bicolor,Meliniomyces,Helotiaceae,Helotiales,Ascomycota,0,0.6791372,0
MAT.B1.C,B1,Control,X30,Phialocephala_fortinii,Phialocephala,Helotiaceae,Helotiales,Ascomycota,0,0.6791372,0
MAT.B1.C,B1,Control,X31,Pseudotomentella_sp._1,Pseudotomentella,Thelephoraceae,Theleporales,Basidiomycota,0,0.6791372,0
MAT.B1.C,B1,Control,X32,Rhizoscyphus_ericae,Rhizoscyphus,Helotiaceae,Helotiales,Ascomycota,0,0.6791372,0
MAT.B1.C,B1,Control,X33,Thelephora_terrestris,Thelephora,Thelephoraceae,Theleporales,Basidiomycota,0,0.6791372,0
MAT.B1.C,B1,Control,X34,Tomentella_sublilacina,Tomentella,Thelephoraceae,Theleporales,Basidiomycota,0,0.6791372,0
MAT.B1.C,B1,Control,X35,Tomentella_sp._1,Tomentella,Thelephoraceae,Theleporales,Basidiomycota,0,0.6791372,0
MAT.B1.C,B1,Control,X36,Tomentellopsis_submollis,Tomentellopsis,Thelephoraceae,Theleporales,Basidiomycota,0,0.6791372,0
MAT.B1.C,B1,Control,X37,Russula_chamiteae,Russula,Russulaceae,Russulales,Basidiomycota,0,0.6791372,0
MAT.B1.C,B1,Control,X38,Russula_decolorans,Russula,Russulaceae,Russulales,Basidiomycota,0,0.6791372,0
MAT.B1.C,B1,Control,X39,Russula_nitida/sphagnicola,Russula,Russulaceae,Russulales,Basidiomycota,0,0.6791372,0
MAT.B1.C,B1,Control,X40,Russula_sp._1,Russula,Russulaceae,Russulales,Basidiomycota,0,0.6791372,0
MAT.B1.C,B1,Control,X41,Russula_sp._2,Russula,Russulaceae,Russulales,Basidiomycota,0,0.6791372,0
MAT.B1.C,B1,Control,X42,Russula_sp._3,Russula,Russulaceae,Russulales,Basidiomycota,0.379310345,0.6791372,0.257603766
MAT.B1.C,B1,Control,X43,Russula_sp._4,Russula,Russulaceae,Russulales,Basidiomycota,0,0.6791372,0
MAT.B1.C,B1,Control,X44,Russula_vinosa,Russula,Russulaceae,Russulales,Basidiomycota,0,0.6791372,0
MAT.B1.F,B1,Fertilized,X1,Alternaria_alternata,Alternaria,Pleosporaceae,Pleosporales,Ascomycota,0,0.2390746,0
MAT.B1.F,B1,Fertilized,X2,Articulospora_tetracladia,Articulospora,Helotiaceae,Helotiales,Ascomycota,0,0.2390746,0
MAT.B1.F,B1,Fertilized,X3,Cadophora_finlandica,Cadophora,Helotiaceae,Helotiales,Ascomycota,0,0.2390746,0
MAT.B1.F,B1,Fertilized,X4,Cenococcum_geophilum,Cenococcum,Gloniaceae,Mytilinidiales,Ascomycota,0,0.2390746,0
MAT.B1.F,B1,Fertilized,X5,Chalara_sp._1,Chalara,Helotiaceae,Helotiales,Ascomycota,0,0.2390746,0
MAT.B1.F,B1,Fertilized,X6,Cortinarius_sp._1,Cortinarius,Cortinariaceae,Agaricales,Basidiomycota,0,0.2390746,0
MAT.B1.F,B1,Fertilized,X7,Cortinarius_croceus_1,Cortinarius,Cortinariaceae,Agaricales,Basidiomycota,0,0.2390746,0
MAT.B1.F,B1,Fertilized,X8,Cortinarius_glandicolor,Cortinarius,Cortinariaceae,Agaricales,Basidiomycota,0,0.2390746,0
MAT.B1.F,B1,Fertilized,X9,Cortinarius_casimiri,Cortinarius,Cortinariaceae,Agaricales,Basidiomycota,0,0.2390746,0
MAT.B1.F,B1,Fertilized,X10,Cortinarius_croceus_2,Cortinarius,Cortinariaceae,Agaricales,Basidiomycota,0,0.2390746,0
MAT.B1.F,B1,Fertilized,X11,Cortinarius_herpeticus,Cortinarius,Cortinariaceae,Agaricales,Basidiomycota,0,0.2390746,0
MAT.B1.F,B1,Fertilized,X12,Cortinarius_tabularis,Cortinarius,Cortinariaceae,Agricales,Basidiomycota,0,0.2390746,0
MAT.B1.F,B1,Fertilized,X13,Cortinarius_delibutus,Cortinarius,Cortinariaceae,Agaricales,Basidiomycota,0,0.2390746,0
MAT.B1.F,B1,Fertilized,X14,Cortinarius_sp._2,Cortinarius,Cortinariaceae,Agaricales,Basidiomycota,0,0.2390746,0
MAT.B1.F,B1,Fertilized,X15,Cortinarius_paragaudis,Cortinarius,Cortinariaceae,Agaricales,Basidiomycota,0,0.2390746,0
MAT.B1.F,B1,Fertilized,X16,Cortinarius_sp._3,Cortinarius,Cortinariaceae,Agaricales,Basidiomycota,0,0.2390746,0
MAT.B1.F,B1,Fertilized,X17,Helotiales_sp._1,Helotiales_sp._1,Helotiales_sp._1,Helotiales,Ascomycota,0,0.2390746,0
MAT.B1.F,B1,Fertilized,X18,Laccaria_laccata,Laccaria,Tricholomataceae,Agaricales,Basidiomycota,0,0.2390746,0
MAT.B1.F,B1,Fertilized,X19,Lactarius_vietus_1,Lactarius,Russulaceae,Russulales,Basidiomycota,0,0.2390746,0
MAT.B1.F,B1,Fertilized,X20,Lactarius_glyciosmus,Lactarius,Russulaceae,Russulales,Basidiomycota,0,0.2390746,0
MAT.B1.F,B1,Fertilized,X21,Lactarius_vietus_2,Lactarius,Russulaceae,Russulales,Basidiomycota,0,0.2390746,0
MAT.B1.F,B1,Fertilized,X22,Leccinum_holopus,Leccinum,Boletaceae,Boletales,Basidiomycota,0,0.2390746,0
MAT.B1.F,B1,Fertilized,X23,Leccinum_scabrum,Leccinum,Boletaceae,Boletales,Basidiomycota,0,0.2390746,0
MAT.B1.F,B1,Fertilized,X24,Leccinum_variicolor_1,Leccinum,Boletaceae,Boletales,Basidiomycota,0,0.2390746,0
MAT.B1.F,B1,Fertilized,X25,Leccinum_variicolor_2,Leccinum,Boletaceae,Boletales,Basidiomycota,0,0.2390746,0
MAT.B1.F,B1,Fertilized,X26,Leccinum_variicolor_3,Leccinum,Boletaceae,Boletales,Basidiomycota,0,0.2390746,0
MAT.B1.F,B1,Fertilized,X27,Leptodontidium_elatius,Leptodontidium,Helotiaceae,Helotiales,Ascomycota,0,0.2390746,0
MAT.B1.F,B1,Fertilized,X28,Meliniomyces_variabilis,Meliniomyces,Helotiaceae,Helotiales,Ascomycota,0,0.2390746,0
MAT.B1.F,B1,Fertilized,X29,Meliniomyces_bicolor,Meliniomyces,Helotiaceae,Helotiales,Ascomycota,0,0.2390746,0
MAT.B1.F,B1,Fertilized,X30,Phialocephala_fortinii,Phialocephala,Helotiaceae,Helotiales,Ascomycota,0,0.2390746,0
MAT.B1.F,B1,Fertilized,X31,Pseudotomentella_sp._1,Pseudotomentella,Thelephoraceae,Theleporales,Basidiomycota,0,0.2390746,0
MAT.B1.F,B1,Fertilized,X32,Rhizoscyphus_ericae,Rhizoscyphus,Helotiaceae,Helotiales,Ascomycota,0,0.2390746,0
MAT.B1.F,B1,Fertilized,X33,Thelephora_terrestris,Thelephora,Thelephoraceae,Theleporales,Basidiomycota,0,0.2390746,0
MAT.B1.F,B1,Fertilized,X34,Tomentella_sublilacina,Tomentella,Thelephoraceae,Theleporales,Basidiomycota,0,0.2390746,0
MAT.B1.F,B1,Fertilized,X35,Tomentella_sp._1,Tomentella,Thelephoraceae,Theleporales,Basidiomycota,0,0.2390746,0
MAT.B1.F,B1,Fertilized,X36,Tomentellopsis_submollis,Tomentellopsis,Thelephoraceae,Theleporales,Basidiomycota,0.027777778,0.2390746,0.006640961
MAT.B1.F,B1,Fertilized,X37,Russula_chamiteae,Russula,Russulaceae,Russulales,Basidiomycota,0.083333333,0.2390746,0.019922883
MAT.B1.F,B1,Fertilized,X38,Russula_decolorans,Russula,Russulaceae,Russulales,Basidiomycota,0.083333333,0.2390746,0.019922883
MAT.B1.F,B1,Fertilized,X39,Russula_nitida/sphagnicola,Russula,Russulaceae,Russulales,Basidiomycota,0.777777778,0.2390746,0.185946911
MAT.B1.F,B1,Fertilized,X40,Russula_sp._1,Russula,Russulaceae,Russulales,Basidiomycota,0.027777778,0.2390746,0.006640961
MAT.B1.F,B1,Fertilized,X41,Russula_sp._2,Russula,Russulaceae,Russulales,Basidiomycota,0,0.2390746,0
MAT.B1.F,B1,Fertilized,X42,Russula_sp._3,Russula,Russulaceae,Russulales,Basidiomycota,0,0.2390746,0
MAT.B1.F,B1,Fertilized,X43,Russula_sp._4,Russula,Russulaceae,Russulales,Basidiomycota,0,0.2390746,0
MAT.B1.F,B1,Fertilized,X44,Russula_vinosa,Russula,Russulaceae,Russulales,Basidiomycota,0,0.2390746,0
MAT.B1.W,B1,Warmed,X1,Alternaria_alternata,Alternaria,Pleosporaceae,Pleosporales,Ascomycota,0,0.5533558,0
MAT.B1.W,B1,Warmed,X2,Articulospora_tetracladia,Articulospora,Helotiaceae,Helotiales,Ascomycota,0,0.5533558,0
MAT.B1.W,B1,Warmed,X3,Cadophora_finlandica,Cadophora,Helotiaceae,Helotiales,Ascomycota,0,0.5533558,0
MAT.B1.W,B1,Warmed,X4,Cenococcum_geophilum,Cenococcum,Gloniaceae,Mytilinidiales,Ascomycota,0,0.5533558,0
MAT.B1.W,B1,Warmed,X5,Chalara_sp._1,Chalara,Helotiaceae,Helotiales,Ascomycota,0,0.5533558,0
MAT.B1.W,B1,Warmed,X6,Cortinarius_sp._1,Cortinarius,Cortinariaceae,Agaricales,Basidiomycota,0,0.5533558,0
MAT.B1.W,B1,Warmed,X7,Cortinarius_croceus_1,Cortinarius,Cortinariaceae,Agaricales,Basidiomycota,0,0.5533558,0
MAT.B1.W,B1,Warmed,X8,Cortinarius_glandicolor,Cortinarius,Cortinariaceae,Agaricales,Basidiomycota,0,0.5533558,0
MAT.B1.W,B1,Warmed,X9,Cortinarius_casimiri,Cortinarius,Cortinariaceae,Agaricales,Basidiomycota,0,0.5533558,0
MAT.B1.W,B1,Warmed,X10,Cortinarius_croceus_2,Cortinarius,Cortinariaceae,Agaricales,Basidiomycota,0,0.5533558,0
MAT.B1.W,B1,Warmed,X11,Cortinarius_herpeticus,Cortinarius,Cortinariaceae,Agaricales,Basidiomycota,0,0.5533558,0
MAT.B1.W,B1,Warmed,X12,Cortinarius_tabularis,Cortinarius,Cortinariaceae,Agricales,Basidiomycota,0,0.5533558,0
MAT.B1.W,B1,Warmed,X13,Cortinarius_delibutus,Cortinarius,Cortinariaceae,Agaricales,Basidiomycota,0,0.5533558,0
MAT.B1.W,B1,Warmed,X14,Cortinarius_sp._2,Cortinarius,Cortinariaceae,Agaricales,Basidiomycota,0,0.5533558,0
MAT.B1.W,B1,Warmed,X15,Cortinarius_paragaudis,Cortinarius,Cortinariaceae,Agaricales,Basidiomycota,0,0.5533558,0
MAT.B1.W,B1,Warmed,X16,Cortinarius_sp._3,Cortinarius,Cortinariaceae,Agaricales,Basidiomycota,0,0.5533558,0
MAT.B1.W,B1,Warmed,X17,Helotiales_sp._1,Helotiales_sp._1,Helotiales_sp._1,Helotiales,Ascomycota,0,0.5533558,0
MAT.B1.W,B1,Warmed,X18,Laccaria_laccata,Laccaria,Tricholomataceae,Agaricales,Basidiomycota,0,0.5533558,0
MAT.B1.W,B1,Warmed,X19,Lactarius_vietus_1,Lactarius,Russulaceae,Russulales,Basidiomycota,0,0.5533558,0
MAT.B1.W,B1,Warmed,X20,Lactarius_glyciosmus,Lactarius,Russulaceae,Russulales,Basidiomycota,0.032258065,0.5533558,0.017850187
MAT.B1.W,B1,Warmed,X21,Lactarius_vietus_2,Lactarius,Russulaceae,Russulales,Basidiomycota,0,0.5533558,0
MAT.B1.W,B1,Warmed,X22,Leccinum_holopus,Leccinum,Boletaceae,Boletales,Basidiomycota,0,0.5533558,0
MAT.B1.W,B1,Warmed,X23,Leccinum_scabrum,Leccinum,Boletaceae,Boletales,Basidiomycota,0,0.5533558,0
MAT.B1.W,B1,Warmed,X24,Leccinum_variicolor_1,Leccinum,Boletaceae,Boletales,Basidiomycota,0,0.5533558,0
MAT.B1.W,B1,Warmed,X25,Leccinum_variicolor_2,Leccinum,Boletaceae,Boletales,Basidiomycota,0,0.5533558,0
MAT.B1.W,B1,Warmed,X26,Leccinum_variicolor_3,Leccinum,Boletaceae,Boletales,Basidiomycota,0,0.5533558,0
MAT.B1.W,B1,Warmed,X27,Leptodontidium_elatius,Leptodontidium,Helotiaceae,Helotiales,Ascomycota,0,0.5533558,0
MAT.B1.W,B1,Warmed,X28,Meliniomyces_variabilis,Meliniomyces,Helotiaceae,Helotiales,Ascomycota,0,0.5533558,0
MAT.B1.W,B1,Warmed,X29,Meliniomyces_bicolor,Meliniomyces,Helotiaceae,Helotiales,Ascomycota,0,0.5533558,0
MAT.B1.W,B1,Warmed,X30,Phialocephala_fortinii,Phialocephala,Helotiaceae,Helotiales,Ascomycota,0,0.5533558,0
MAT.B1.W,B1,Warmed,X31,Pseudotomentella_sp._1,Pseudotomentella,Thelephoraceae,Theleporales,Basidiomycota,0,0.5533558,0
MAT.B1.W,B1,Warmed,X32,Rhizoscyphus_ericae,Rhizoscyphus,Helotiaceae,Helotiales,Ascomycota,0,0.5533558,0
MAT.B1.W,B1,Warmed,X33,Thelephora_terrestris,Thelephora,Thelephoraceae,Theleporales,Basidiomycota,0,0.5533558,0
MAT.B1.W,B1,Warmed,X34,Tomentella_sublilacina,Tomentella,Thelephoraceae,Theleporales,Basidiomycota,0,0.5533558,0
MAT.B1.W,B1,Warmed,X35,Tomentella_sp._1,Tomentella,Thelephoraceae,Theleporales,Basidiomycota,0,0.5533558,0
MAT.B1.W,B1,Warmed,X36,Tomentellopsis_submollis,Tomentellopsis,Thelephoraceae,Theleporales,Basidiomycota,0.064516129,0.5533558,0.035700374
MAT.B1.W,B1,Warmed,X37,Russula_chamiteae,Russula,Russulaceae,Russulales,Basidiomycota,0.161290323,0.5533558,0.089250935
MAT.B1.W,B1,Warmed,X38,Russula_decolorans,Russula,Russulaceae,Russulales,Basidiomycota,0.387096774,0.5533558,0.214202245
MAT.B1.W,B1,Warmed,X39,Russula_nitida/sphagnicola,Russula,Russulaceae,Russulales,Basidiomycota,0.161290323,0.5533558,0.089250935
MAT.B1.W,B1,Warmed,X40,Russula_sp._1,Russula,Russulaceae,Russulales,Basidiomycota,0.096774194,0.5533558,0.053550561
MAT.B1.W,B1,Warmed,X41,Russula_sp._2,Russula,Russulaceae,Russulales,Basidiomycota,0,0.5533558,0
MAT.B1.W,B1,Warmed,X42,Russula_sp._3,Russula,Russulaceae,Russulales,Basidiomycota,0.096774194,0.5533558,0.053550561
MAT.B1.W,B1,Warmed,X43,Russula_sp._4,Russula,Russulaceae,Russulales,Basidiomycota,0,0.5533558,0
MAT.B1.W,B1,Warmed,X44,Russula_vinosa,Russula,Russulaceae,Russulales,Basidiomycota,0,0.5533558,0
MAT.B1.WF,B1,Warmed.Fertilized,X1,Alternaria_alternata,Alternaria,Pleosporaceae,Pleosporales,Ascomycota,0,1.4163821,0
MAT.B1.WF,B1,Warmed.Fertilized,X2,Articulospora_tetracladia,Articulospora,Helotiaceae,Helotiales,Ascomycota,0,1.4163821,0
MAT.B1.WF,B1,Warmed.Fertilized,X3,Cadophora_finlandica,Cadophora,Helotiaceae,Helotiales,Ascomycota,0,1.4163821,0
MAT.B1.WF,B1,Warmed.Fertilized,X4,Cenococcum_geophilum,Cenococcum,Gloniaceae,Mytilinidiales,Ascomycota,0,1.4163821,0
MAT.B1.WF,B1,Warmed.Fertilized,X5,Chalara_sp._1,Chalara,Helotiaceae,Helotiales,Ascomycota,0.028571429,1.4163821,0.04046806
MAT.B1.WF,B1,Warmed.Fertilized,X6,Cortinarius_sp._1,Cortinarius,Cortinariaceae,Agaricales,Basidiomycota,0,1.4163821,0
MAT.B1.WF,B1,Warmed.Fertilized,X7,Cortinarius_croceus_1,Cortinarius,Cortinariaceae,Agaricales,Basidiomycota,0,1.4163821,0
MAT.B1.WF,B1,Warmed.Fertilized,X8,Cortinarius_glandicolor,Cortinarius,Cortinariaceae,Agaricales,Basidiomycota,0,1.4163821,0
MAT.B1.WF,B1,Warmed.Fertilized,X9,Cortinarius_casimiri,Cortinarius,Cortinariaceae,Agaricales,Basidiomycota,0,1.4163821,0
MAT.B1.WF,B1,Warmed.Fertilized,X10,Cortinarius_croceus_2,Cortinarius,Cortinariaceae,Agaricales,Basidiomycota,0,1.4163821,0
MAT.B1.WF,B1,Warmed.Fertilized,X11,Cortinarius_herpeticus,Cortinarius,Cortinariaceae,Agaricales,Basidiomycota,0,1.4163821,0
MAT.B1.WF,B1,Warmed.Fertilized,X12,Cortinarius_tabularis,Cortinarius,Cortinariaceae,Agricales,Basidiomycota,0,1.4163821,0
MAT.B1.WF,B1,Warmed.Fertilized,X13,Cortinarius_delibutus,Cortinarius,Cortinariaceae,Agaricales,Basidiomycota,0,1.4163821,0
MAT.B1.WF,B1,Warmed.Fertilized,X14,Cortinarius_sp._2,Cortinarius,Cortinariaceae,Agaricales,Basidiomycota,0,1.4163821,0
MAT.B1.WF,B1,Warmed.Fertilized,X15,Cortinarius_paragaudis,Cortinarius,Cortinariaceae,Agaricales,Basidiomycota,0,1.4163821,0
MAT.B1.WF,B1,Warmed.Fertilized,X16,Cortinarius_sp._3,Cortinarius,Cortinariaceae,Agaricales,Basidiomycota,0,1.4163821,0
MAT.B1.WF,B1,Warmed.Fertilized,X17,Helotiales_sp._1,Helotiales_sp._1,Helotiales_sp._1,Helotiales,Ascomycota,0.028571429,1.4163821,0.04046806
MAT.B1.WF,B1,Warmed.Fertilized,X18,Laccaria_laccata,Laccaria,Tricholomataceae,Agaricales,Basidiomycota,0.4,1.4163821,0.56655284
MAT.B1.WF,B1,Warmed.Fertilized,X19,Lactarius_vietus_1,Lactarius,Russulaceae,Russulales,Basidiomycota,0,1.4163821,0
MAT.B1.WF,B1,Warmed.Fertilized,X20,Lactarius_glyciosmus,Lactarius,Russulaceae,Russulales,Basidiomycota,0,1.4163821,0
MAT.B1.WF,B1,Warmed.Fertilized,X21,Lactarius_vietus_2,Lactarius,Russulaceae,Russulales,Basidiomycota,0,1.4163821,0
MAT.B1.WF,B1,Warmed.Fertilized,X22,Leccinum_holopus,Leccinum,Boletaceae,Boletales,Basidiomycota,0,1.4163821,0
MAT.B1.WF,B1,Warmed.Fertilized,X23,Leccinum_scabrum,Leccinum,Boletaceae,Boletales,Basidiomycota,0,1.4163821,0
MAT.B1.WF,B1,Warmed.Fertilized,X24,Leccinum_variicolor_1,Leccinum,Boletaceae,Boletales,Basidiomycota,0,1.4163821,0
MAT.B1.WF,B1,Warmed.Fertilized,X25,Leccinum_variicolor_2,Leccinum,Boletaceae,Boletales,Basidiomycota,0,1.4163821,0
MAT.B1.WF,B1,Warmed.Fertilized,X26,Leccinum_variicolor_3,Leccinum,Boletaceae,Boletales,Basidiomycota,0,1.4163821,0
MAT.B1.WF,B1,Warmed.Fertilized,X27,Leptodontidium_elatius,Leptodontidium,Helotiaceae,Helotiales,Ascomycota,0,1.4163821,0
MAT.B1.WF,B1,Warmed.Fertilized,X28,Meliniomyces_variabilis,Meliniomyces,Helotiaceae,Helotiales,Ascomycota,0,1.4163821,0
MAT.B1.WF,B1,Warmed.Fertilized,X29,Meliniomyces_bicolor,Meliniomyces,Helotiaceae,Helotiales,Ascomycota,0,1.4163821,0
MAT.B1.WF,B1,Warmed.Fertilized,X30,Phialocephala_fortinii,Phialocephala,Helotiaceae,Helotiales,Ascomycota,0,1.4163821,0
MAT.B1.WF,B1,Warmed.Fertilized,X31,Pseudotomentella_sp._1,Pseudotomentella,Thelephoraceae,Theleporales,Basidiomycota,0,1.4163821,0
MAT.B1.WF,B1,Warmed.Fertilized,X32,Rhizoscyphus_ericae,Rhizoscyphus,Helotiaceae,Helotiales,Ascomycota,0,1.4163821,0
MAT.B1.WF,B1,Warmed.Fertilized,X33,Thelephora_terrestris,Thelephora,Thelephoraceae,Theleporales,Basidiomycota,0.142857143,1.4163821,0.2023403
MAT.B1.WF,B1,Warmed.Fertilized,X34,Tomentella_sublilacina,Tomentella,Thelephoraceae,Theleporales,Basidiomycota,0,1.4163821,0
MAT.B1.WF,B1,Warmed.Fertilized,X35,Tomentella_sp._1,Tomentella,Thelephoraceae,Theleporales,Basidiomycota,0,1.4163821,0
MAT.B1.WF,B1,Warmed.Fertilized,X36,Tomentellopsis_submollis,Tomentellopsis,Thelephoraceae,Theleporales,Basidiomycota,0.2,1.4163821,0.28327642
MAT.B1.WF,B1,Warmed.Fertilized,X37,Russula_chamiteae,Russula,Russulaceae,Russulales,Basidiomycota,0,1.4163821,0
MAT.B1.WF,B1,Warmed.Fertilized,X38,Russula_decolorans,Russula,Russulaceae,Russulales,Basidiomycota,0,1.4163821,0
MAT.B1.WF,B1,Warmed.Fertilized,X39,Russula_nitida/sphagnicola,Russula,Russulaceae,Russulales,Basidiomycota,0.2,1.4163821,0.28327642
MAT.B1.WF,B1,Warmed.Fertilized,X40,Russula_sp._1,Russula,Russulaceae,Russulales,Basidiomycota,0,1.4163821,0
MAT.B1.WF,B1,Warmed.Fertilized,X41,Russula_sp._2,Russula,Russulaceae,Russulales,Basidiomycota,0,1.4163821,0
MAT.B1.WF,B1,Warmed.Fertilized,X42,Russula_sp._3,Russula,Russulaceae,Russulales,Basidiomycota,0,1.4163821,0
MAT.B1.WF,B1,Warmed.Fertilized,X43,Russula_sp._4,Russula,Russulaceae,Russulales,Basidiomycota,0,1.4163821,0
MAT.B1.WF,B1,Warmed.Fertilized,X44,Russula_vinosa,Russula,Russulaceae,Russulales,Basidiomycota,0,1.4163821,0
MAT.B2.C,B2,Control,X1,Alternaria_alternata,Alternaria,Pleosporaceae,Pleosporales,Ascomycota,0,0.6409929,0
MAT.B2.C,B2,Control,X2,Articulospora_tetracladia,Articulospora,Helotiaceae,Helotiales,Ascomycota,0,0.6409929,0
MAT.B2.C,B2,Control,X3,Cadophora_finlandica,Cadophora,Helotiaceae,Helotiales,Ascomycota,0,0.6409929,0
MAT.B2.C,B2,Control,X4,Cenococcum_geophilum,Cenococcum,Gloniaceae,Mytilinidiales,Ascomycota,0.096774194,0.6409929,0.062031571
MAT.B2.C,B2,Control,X5,Chalara_sp._1,Chalara,Helotiaceae,Helotiales,Ascomycota,0,0.6409929,0
MAT.B2.C,B2,Control,X6,Cortinarius_sp._1,Cortinarius,Cortinariaceae,Agaricales,Basidiomycota,0,0.6409929,0
MAT.B2.C,B2,Control,X7,Cortinarius_croceus_1,Cortinarius,Cortinariaceae,Agaricales,Basidiomycota,0,0.6409929,0
MAT.B2.C,B2,Control,X8,Cortinarius_glandicolor,Cortinarius,Cortinariaceae,Agaricales,Basidiomycota,0,0.6409929,0
MAT.B2.C,B2,Control,X9,Cortinarius_casimiri,Cortinarius,Cortinariaceae,Agaricales,Basidiomycota,0,0.6409929,0
MAT.B2.C,B2,Control,X10,Cortinarius_croceus_2,Cortinarius,Cortinariaceae,Agaricales,Basidiomycota,0,0.6409929,0
MAT.B2.C,B2,Control,X11,Cortinarius_herpeticus,Cortinarius,Cortinariaceae,Agaricales,Basidiomycota,0,0.6409929,0
MAT.B2.C,B2,Control,X12,Cortinarius_tabularis,Cortinarius,Cortinariaceae,Agricales,Basidiomycota,0,0.6409929,0
MAT.B2.C,B2,Control,X13,Cortinarius_delibutus,Cortinarius,Cortinariaceae,Agaricales,Basidiomycota,0,0.6409929,0
MAT.B2.C,B2,Control,X14,Cortinarius_sp._2,Cortinarius,Cortinariaceae,Agaricales,Basidiomycota,0,0.6409929,0
MAT.B2.C,B2,Control,X15,Cortinarius_paragaudis,Cortinarius,Cortinariaceae,Agaricales,Basidiomycota,0,0.6409929,0
MAT.B2.C,B2,Control,X16,Cortinarius_sp._3,Cortinarius,Cortinariaceae,Agaricales,Basidiomycota,0,0.6409929,0
MAT.B2.C,B2,Control,X17,Helotiales_sp._1,Helotiales_sp._1,Helotiales_sp._1,Helotiales,Ascomycota,0,0.6409929,0
MAT.B2.C,B2,Control,X18,Laccaria_laccata,Laccaria,Tricholomataceae,Agaricales,Basidiomycota,0,0.6409929,0
MAT.B2.C,B2,Control,X19,Lactarius_vietus_1,Lactarius,Russulaceae,Russulales,Basidiomycota,0.290322581,0.6409929,0.186094713
MAT.B2.C,B2,Control,X20,Lactarius_glyciosmus,Lactarius,Russulaceae,Russulales,Basidiomycota,0.064516129,0.6409929,0.041354381
MAT.B2.C,B2,Control,X21,Lactarius_vietus_2,Lactarius,Russulaceae,Russulales,Basidiomycota,0,0.6409929,0
MAT.B2.C,B2,Control,X22,Leccinum_holopus,Leccinum,Boletaceae,Boletales,Basidiomycota,0.032258065,0.6409929,0.02067719
MAT.B2.C,B2,Control,X23,Leccinum_scabrum,Leccinum,Boletaceae,Boletales,Basidiomycota,0,0.6409929,0
MAT.B2.C,B2,Control,X24,Leccinum_variicolor_1,Leccinum,Boletaceae,Boletales,Basidiomycota,0.032258065,0.6409929,0.02067719
MAT.B2.C,B2,Control,X25,Leccinum_variicolor_2,Leccinum,Boletaceae,Boletales,Basidiomycota,0,0.6409929,0
MAT.B2.C,B2,Control,X26,Leccinum_variicolor_3,Leccinum,Boletaceae,Boletales,Basidiomycota,0.032258065,0.6409929,0.02067719
MAT.B2.C,B2,Control,X27,Leptodontidium_elatius,Leptodontidium,Helotiaceae,Helotiales,Ascomycota,0,0.6409929,0
MAT.B2.C,B2,Control,X28,Meliniomyces_variabilis,Meliniomyces,Helotiaceae,Helotiales,Ascomycota,0.032258065,0.6409929,0.02067719
MAT.B2.C,B2,Control,X29,Meliniomyces_bicolor,Meliniomyces,Helotiaceae,Helotiales,Ascomycota,0,0.6409929,0
MAT.B2.C,B2,Control,X30,Phialocephala_fortinii,Phialocephala,Helotiaceae,Helotiales,Ascomycota,0.032258065,0.6409929,0.02067719
MAT.B2.C,B2,Control,X31,Pseudotomentella_sp._1,Pseudotomentella,Thelephoraceae,Theleporales,Basidiomycota,0.032258065,0.6409929,0.02067719
MAT.B2.C,B2,Control,X32,Rhizoscyphus_ericae,Rhizoscyphus,Helotiaceae,Helotiales,Ascomycota,0,0.6409929,0
MAT.B2.C,B2,Control,X33,Thelephora_terrestris,Thelephora,Thelephoraceae,Theleporales,Basidiomycota,0,0.6409929,0
MAT.B2.C,B2,Control,X34,Tomentella_sublilacina,Tomentella,Thelephoraceae,Theleporales,Basidiomycota,0,0.6409929,0
MAT.B2.C,B2,Control,X35,Tomentella_sp._1,Tomentella,Thelephoraceae,Theleporales,Basidiomycota,0,0.6409929,0
MAT.B2.C,B2,Control,X36,Tomentellopsis_submollis,Tomentellopsis,Thelephoraceae,Theleporales,Basidiomycota,0,0.6409929,0
MAT.B2.C,B2,Control,X37,Russula_chamiteae,Russula,Russulaceae,Russulales,Basidiomycota,0.032258065,0.6409929,0.02067719
MAT.B2.C,B2,Control,X38,Russula_decolorans,Russula,Russulaceae,Russulales,Basidiomycota,0.258064516,0.6409929,0.165417523
MAT.B2.C,B2,Control,X39,Russula_nitida/sphagnicola,Russula,Russulaceae,Russulales,Basidiomycota,0,0.6409929,0
MAT.B2.C,B2,Control,X40,Russula_sp._1,Russula,Russulaceae,Russulales,Basidiomycota,0,0.6409929,0
MAT.B2.C,B2,Control,X41,Russula_sp._2,Russula,Russulaceae,Russulales,Basidiomycota,0,0.6409929,0
MAT.B2.C,B2,Control,X42,Russula_sp._3,Russula,Russulaceae,Russulales,Basidiomycota,0.064516129,0.6409929,0.041354381
MAT.B2.C,B2,Control,X43,Russula_sp._4,Russula,Russulaceae,Russulales,Basidiomycota,0,0.6409929,0
MAT.B2.C,B2,Control,X44,Russula_vinosa,Russula,Russulaceae,Russulales,Basidiomycota,0,0.6409929,0
MAT.B2.F,B2,Fertilized,X1,Alternaria_alternata,Alternaria,Pleosporaceae,Pleosporales,Ascomycota,0,1.0143513,0
MAT.B2.F,B2,Fertilized,X2,Articulospora_tetracladia,Articulospora,Helotiaceae,Helotiales,Ascomycota,0.035714286,1.0143513,0.036226832
MAT.B2.F,B2,Fertilized,X3,Cadophora_finlandica,Cadophora,Helotiaceae,Helotiales,Ascomycota,0,1.0143513,0
MAT.B2.F,B2,Fertilized,X4,Cenococcum_geophilum,Cenococcum,Gloniaceae,Mytilinidiales,Ascomycota,0,1.0143513,0
MAT.B2.F,B2,Fertilized,X5,Chalara_sp._1,Chalara,Helotiaceae,Helotiales,Ascomycota,0,1.0143513,0
MAT.B2.F,B2,Fertilized,X6,Cortinarius_sp._1,Cortinarius,Cortinariaceae,Agaricales,Basidiomycota,0,1.0143513,0
MAT.B2.F,B2,Fertilized,X7,Cortinarius_croceus_1,Cortinarius,Cortinariaceae,Agaricales,Basidiomycota,0,1.0143513,0
MAT.B2.F,B2,Fertilized,X8,Cortinarius_glandicolor,Cortinarius,Cortinariaceae,Agaricales,Basidiomycota,0,1.0143513,0
MAT.B2.F,B2,Fertilized,X9,Cortinarius_casimiri,Cortinarius,Cortinariaceae,Agaricales,Basidiomycota,0,1.0143513,0
MAT.B2.F,B2,Fertilized,X10,Cortinarius_croceus_2,Cortinarius,Cortinariaceae,Agaricales,Basidiomycota,0,1.0143513,0
MAT.B2.F,B2,Fertilized,X11,Cortinarius_herpeticus,Cortinarius,Cortinariaceae,Agaricales,Basidiomycota,0,1.0143513,0
MAT.B2.F,B2,Fertilized,X12,Cortinarius_tabularis,Cortinarius,Cortinariaceae,Agricales,Basidiomycota,0,1.0143513,0
MAT.B2.F,B2,Fertilized,X13,Cortinarius_delibutus,Cortinarius,Cortinariaceae,Agaricales,Basidiomycota,0,1.0143513,0
MAT.B2.F,B2,Fertilized,X14,Cortinarius_sp._2,Cortinarius,Cortinariaceae,Agaricales,Basidiomycota,0,1.0143513,0
MAT.B2.F,B2,Fertilized,X15,Cortinarius_paragaudis,Cortinarius,Cortinariaceae,Agaricales,Basidiomycota,0,1.0143513,0
MAT.B2.F,B2,Fertilized,X16,Cortinarius_sp._3,Cortinarius,Cortinariaceae,Agaricales,Basidiomycota,0,1.0143513,0
MAT.B2.F,B2,Fertilized,X17,Helotiales_sp._1,Helotiales_sp._1,Helotiales_sp._1,Helotiales,Ascomycota,0,1.0143513,0
MAT.B2.F,B2,Fertilized,X18,Laccaria_laccata,Laccaria,Tricholomataceae,Agaricales,Basidiomycota,0,1.0143513,0
MAT.B2.F,B2,Fertilized,X19,Lactarius_vietus_1,Lactarius,Russulaceae,Russulales,Basidiomycota,0.035714286,1.0143513,0.036226832
MAT.B2.F,B2,Fertilized,X20,Lactarius_glyciosmus,Lactarius,Russulaceae,Russulales,Basidiomycota,0,1.0143513,0
MAT.B2.F,B2,Fertilized,X21,Lactarius_vietus_2,Lactarius,Russulaceae,Russulales,Basidiomycota,0,1.0143513,0
MAT.B2.F,B2,Fertilized,X22,Leccinum_holopus,Leccinum,Boletaceae,Boletales,Basidiomycota,0,1.0143513,0
MAT.B2.F,B2,Fertilized,X23,Leccinum_scabrum,Leccinum,Boletaceae,Boletales,Basidiomycota,0,1.0143513,0
MAT.B2.F,B2,Fertilized,X24,Leccinum_variicolor_1,Leccinum,Boletaceae,Boletales,Basidiomycota,0,1.0143513,0
MAT.B2.F,B2,Fertilized,X25,Leccinum_variicolor_2,Leccinum,Boletaceae,Boletales,Basidiomycota,0,1.0143513,0
MAT.B2.F,B2,Fertilized,X26,Leccinum_variicolor_3,Leccinum,Boletaceae,Boletales,Basidiomycota,0,1.0143513,0
MAT.B2.F,B2,Fertilized,X27,Leptodontidium_elatius,Leptodontidium,Helotiaceae,Helotiales,Ascomycota,0,1.0143513,0
MAT.B2.F,B2,Fertilized,X28,Meliniomyces_variabilis,Meliniomyces,Helotiaceae,Helotiales,Ascomycota,0.035714286,1.0143513,0.036226832
MAT.B2.F,B2,Fertilized,X29,Meliniomyces_bicolor,Meliniomyces,Helotiaceae,Helotiales,Ascomycota,0,1.0143513,0
MAT.B2.F,B2,Fertilized,X30,Phialocephala_fortinii,Phialocephala,Helotiaceae,Helotiales,Ascomycota,0,1.0143513,0
MAT.B2.F,B2,Fertilized,X31,Pseudotomentella_sp._1,Pseudotomentella,Thelephoraceae,Theleporales,Basidiomycota,0.035714286,1.0143513,0.036226832
MAT.B2.F,B2,Fertilized,X32,Rhizoscyphus_ericae,Rhizoscyphus,Helotiaceae,Helotiales,Ascomycota,0.035714286,1.0143513,0.036226832
MAT.B2.F,B2,Fertilized,X33,Thelephora_terrestris,Thelephora,Thelephoraceae,Theleporales,Basidiomycota,0.678571429,1.0143513,0.688309811
MAT.B2.F,B2,Fertilized,X34,Tomentella_sublilacina,Tomentella,Thelephoraceae,Theleporales,Basidiomycota,0,1.0143513,0
MAT.B2.F,B2,Fertilized,X35,Tomentella_sp._1,Tomentella,Thelephoraceae,Theleporales,Basidiomycota,0,1.0143513,0
MAT.B2.F,B2,Fertilized,X36,Tomentellopsis_submollis,Tomentellopsis,Thelephoraceae,Theleporales,Basidiomycota,0.142857143,1.0143513,0.144907329
MAT.B2.F,B2,Fertilized,X37,Russula_chamiteae,Russula,Russulaceae,Russulales,Basidiomycota,0,1.0143513,0
MAT.B2.F,B2,Fertilized,X38,Russula_decolorans,Russula,Russulaceae,Russulales,Basidiomycota,0,1.0143513,0
MAT.B2.F,B2,Fertilized,X39,Russula_nitida/sphagnicola,Russula,Russulaceae,Russulales,Basidiomycota,0,1.0143513,0
MAT.B2.F,B2,Fertilized,X40,Russula_sp._1,Russula,Russulaceae,Russulales,Basidiomycota,0,1.0143513,0
MAT.B2.F,B2,Fertilized,X41,Russula_sp._2,Russula,Russulaceae,Russulales,Basidiomycota,0,1.0143513,0
MAT.B2.F,B2,Fertilized,X42,Russula_sp._3,Russula,Russulaceae,Russulales,Basidiomycota,0,1.0143513,0
MAT.B2.F,B2,Fertilized,X43,Russula_sp._4,Russula,Russulaceae,Russulales,Basidiomycota,0,1.0143513,0
MAT.B2.F,B2,Fertilized,X44,Russula_vinosa,Russula,Russulaceae,Russulales,Basidiomycota,0,1.0143513,0
MAT.B2.W,B2,Warmed,X1,Alternaria_alternata,Alternaria,Pleosporaceae,Pleosporales,Ascomycota,0,3.722241,0
MAT.B2.W,B2,Warmed,X2,Articulospora_tetracladia,Articulospora,Helotiaceae,Helotiales,Ascomycota,0,3.722241,0
MAT.B2.W,B2,Warmed,X3,Cadophora_finlandica,Cadophora,Helotiaceae,Helotiales,Ascomycota,0,3.722241,0
MAT.B2.W,B2,Warmed,X4,Cenococcum_geophilum,Cenococcum,Gloniaceae,Mytilinidiales,Ascomycota,0.151515152,3.722241,0.563975909
MAT.B2.W,B2,Warmed,X5,Chalara_sp._1,Chalara,Helotiaceae,Helotiales,Ascomycota,0,3.722241,0
MAT.B2.W,B2,Warmed,X6,Cortinarius_sp._1,Cortinarius,Cortinariaceae,Agaricales,Basidiomycota,0,3.722241,0
MAT.B2.W,B2,Warmed,X7,Cortinarius_croceus_1,Cortinarius,Cortinariaceae,Agaricales,Basidiomycota,0.03030303,3.722241,0.112795182
MAT.B2.W,B2,Warmed,X8,Cortinarius_glandicolor,Cortinarius,Cortinariaceae,Agaricales,Basidiomycota,0,3.722241,0
MAT.B2.W,B2,Warmed,X9,Cortinarius_casimiri,Cortinarius,Cortinariaceae,Agaricales,Basidiomycota,0,3.722241,0
MAT.B2.W,B2,Warmed,X10,Cortinarius_croceus_2,Cortinarius,Cortinariaceae,Agaricales,Basidiomycota,0,3.722241,0
MAT.B2.W,B2,Warmed,X11,Cortinarius_herpeticus,Cortinarius,Cortinariaceae,Agaricales,Basidiomycota,0,3.722241,0
MAT.B2.W,B2,Warmed,X12,Cortinarius_tabularis,Cortinarius,Cortinariaceae,Agricales,Basidiomycota,0,3.722241,0
MAT.B2.W,B2,Warmed,X13,Cortinarius_delibutus,Cortinarius,Cortinariaceae,Agaricales,Basidiomycota,0,3.722241,0
MAT.B2.W,B2,Warmed,X14,Cortinarius_sp._2,Cortinarius,Cortinariaceae,Agaricales,Basidiomycota,0,3.722241,0
MAT.B2.W,B2,Warmed,X15,Cortinarius_paragaudis,Cortinarius,Cortinariaceae,Agaricales,Basidiomycota,0,3.722241,0
MAT.B2.W,B2,Warmed,X16,Cortinarius_sp._3,Cortinarius,Cortinariaceae,Agaricales,Basidiomycota,0,3.722241,0
MAT.B2.W,B2,Warmed,X17,Helotiales_sp._1,Helotiales_sp._1,Helotiales_sp._1,Helotiales,Ascomycota,0,3.722241,0
MAT.B2.W,B2,Warmed,X18,Laccaria_laccata,Laccaria,Tricholomataceae,Agaricales,Basidiomycota,0,3.722241,0
MAT.B2.W,B2,Warmed,X19,Lactarius_vietus_1,Lactarius,Russulaceae,Russulales,Basidiomycota,0.03030303,3.722241,0.112795182
MAT.B2.W,B2,Warmed,X20,Lactarius_glyciosmus,Lactarius,Russulaceae,Russulales,Basidiomycota,0.03030303,3.722241,0.112795182
MAT.B2.W,B2,Warmed,X21,Lactarius_vietus_2,Lactarius,Russulaceae,Russulales,Basidiomycota,0,3.722241,0
MAT.B2.W,B2,Warmed,X22,Leccinum_holopus,Leccinum,Boletaceae,Boletales,Basidiomycota,0,3.722241,0
MAT.B2.W,B2,Warmed,X23,Leccinum_scabrum,Leccinum,Boletaceae,Boletales,Basidiomycota,0,3.722241,0
MAT.B2.W,B2,Warmed,X24,Leccinum_variicolor_1,Leccinum,Boletaceae,Boletales,Basidiomycota,0,3.722241,0
MAT.B2.W,B2,Warmed,X25,Leccinum_variicolor_2,Leccinum,Boletaceae,Boletales,Basidiomycota,0,3.722241,0
MAT.B2.W,B2,Warmed,X26,Leccinum_variicolor_3,Leccinum,Boletaceae,Boletales,Basidiomycota,0,3.722241,0
MAT.B2.W,B2,Warmed,X27,Leptodontidium_elatius,Leptodontidium,Helotiaceae,Helotiales,Ascomycota,0,3.722241,0
MAT.B2.W,B2,Warmed,X28,Meliniomyces_variabilis,Meliniomyces,Helotiaceae,Helotiales,Ascomycota,0.03030303,3.722241,0.112795182
MAT.B2.W,B2,Warmed,X29,Meliniomyces_bicolor,Meliniomyces,Helotiaceae,Helotiales,Ascomycota,0,3.722241,0
MAT.B2.W,B2,Warmed,X30,Phialocephala_fortinii,Phialocephala,Helotiaceae,Helotiales,Ascomycota,0,3.722241,0
MAT.B2.W,B2,Warmed,X31,Pseudotomentella_sp._1,Pseudotomentella,Thelephoraceae,Theleporales,Basidiomycota,0,3.722241,0
MAT.B2.W,B2,Warmed,X32,Rhizoscyphus_ericae,Rhizoscyphus,Helotiaceae,Helotiales,Ascomycota,0.03030303,3.722241,0.112795182
MAT.B2.W,B2,Warmed,X33,Thelephora_terrestris,Thelephora,Thelephoraceae,Theleporales,Basidiomycota,0,3.722241,0
MAT.B2.W,B2,Warmed,X34,Tomentella_sublilacina,Tomentella,Thelephoraceae,Theleporales,Basidiomycota,0,3.722241,0
MAT.B2.W,B2,Warmed,X35,Tomentella_sp._1,Tomentella,Thelephoraceae,Theleporales,Basidiomycota,0,3.722241,0
MAT.B2.W,B2,Warmed,X36,Tomentellopsis_submollis,Tomentellopsis,Thelephoraceae,Theleporales,Basidiomycota,0,3.722241,0
MAT.B2.W,B2,Warmed,X37,Russula_chamiteae,Russula,Russulaceae,Russulales,Basidiomycota,0,3.722241,0
MAT.B2.W,B2,Warmed,X38,Russula_decolorans,Russula,Russulaceae,Russulales,Basidiomycota,0.424242424,3.722241,1.579132545
MAT.B2.W,B2,Warmed,X39,Russula_nitida/sphagnicola,Russula,Russulaceae,Russulales,Basidiomycota,0.03030303,3.722241,0.112795182
MAT.B2.W,B2,Warmed,X40,Russula_sp._1,Russula,Russulaceae,Russulales,Basidiomycota,0,3.722241,0
MAT.B2.W,B2,Warmed,X41,Russula_sp._2,Russula,Russulaceae,Russulales,Basidiomycota,0,3.722241,0
MAT.B2.W,B2,Warmed,X42,Russula_sp._3,Russula,Russulaceae,Russulales,Basidiomycota,0.242424242,3.722241,0.902361455
MAT.B2.W,B2,Warmed,X43,Russula_sp._4,Russula,Russulaceae,Russulales,Basidiomycota,0,3.722241,0
MAT.B2.W,B2,Warmed,X44,Russula_vinosa,Russula,Russulaceae,Russulales,Basidiomycota,0,3.722241,0
MAT.B2.WF,B2,Warmed.Fertilized,X1,Alternaria_alternata,Alternaria,Pleosporaceae,Pleosporales,Ascomycota,0,0.7731078,0
MAT.B2.WF,B2,Warmed.Fertilized,X2,Articulospora_tetracladia,Articulospora,Helotiaceae,Helotiales,Ascomycota,0,0.7731078,0
MAT.B2.WF,B2,Warmed.Fertilized,X3,Cadophora_finlandica,Cadophora,Helotiaceae,Helotiales,Ascomycota,0.047619048,0.7731078,0.036814657
MAT.B2.WF,B2,Warmed.Fertilized,X4,Cenococcum_geophilum,Cenococcum,Gloniaceae,Mytilinidiales,Ascomycota,0,0.7731078,0
MAT.B2.WF,B2,Warmed.Fertilized,X5,Chalara_sp._1,Chalara,Helotiaceae,Helotiales,Ascomycota,0.047619048,0.7731078,0.036814657
MAT.B2.WF,B2,Warmed.Fertilized,X6,Cortinarius_sp._1,Cortinarius,Cortinariaceae,Agaricales,Basidiomycota,0,0.7731078,0
MAT.B2.WF,B2,Warmed.Fertilized,X7,Cortinarius_croceus_1,Cortinarius,Cortinariaceae,Agaricales,Basidiomycota,0,0.7731078,0
MAT.B2.WF,B2,Warmed.Fertilized,X8,Cortinarius_glandicolor,Cortinarius,Cortinariaceae,Agaricales,Basidiomycota,0,0.7731078,0
MAT.B2.WF,B2,Warmed.Fertilized,X9,Cortinarius_casimiri,Cortinarius,Cortinariaceae,Agaricales,Basidiomycota,0.047619048,0.7731078,0.036814657
MAT.B2.WF,B2,Warmed.Fertilized,X10,Cortinarius_croceus_2,Cortinarius,Cortinariaceae,Agaricales,Basidiomycota,0,0.7731078,0
MAT.B2.WF,B2,Warmed.Fertilized,X11,Cortinarius_herpeticus,Cortinarius,Cortinariaceae,Agaricales,Basidiomycota,0,0.7731078,0
MAT.B2.WF,B2,Warmed.Fertilized,X12,Cortinarius_tabularis,Cortinarius,Cortinariaceae,Agricales,Basidiomycota,0,0.7731078,0
MAT.B2.WF,B2,Warmed.Fertilized,X13,Cortinarius_delibutus,Cortinarius,Cortinariaceae,Agaricales,Basidiomycota,0,0.7731078,0
MAT.B2.WF,B2,Warmed.Fertilized,X14,Cortinarius_sp._2,Cortinarius,Cortinariaceae,Agaricales,Basidiomycota,0,0.7731078,0
MAT.B2.WF,B2,Warmed.Fertilized,X15,Cortinarius_paragaudis,Cortinarius,Cortinariaceae,Agaricales,Basidiomycota,0,0.7731078,0
MAT.B2.WF,B2,Warmed.Fertilized,X16,Cortinarius_sp._3,Cortinarius,Cortinariaceae,Agaricales,Basidiomycota,0,0.7731078,0
MAT.B2.WF,B2,Warmed.Fertilized,X17,Helotiales_sp._1,Helotiales_sp._1,Helotiales_sp._1,Helotiales,Ascomycota,0.047619048,0.7731078,0.036814657
MAT.B2.WF,B2,Warmed.Fertilized,X18,Laccaria_laccata,Laccaria,Tricholomataceae,Agaricales,Basidiomycota,0.047619048,0.7731078,0.036814657
MAT.B2.WF,B2,Warmed.Fertilized,X19,Lactarius_vietus_1,Lactarius,Russulaceae,Russulales,Basidiomycota,0.047619048,0.7731078,0.036814657
MAT.B2.WF,B2,Warmed.Fertilized,X20,Lactarius_glyciosmus,Lactarius,Russulaceae,Russulales,Basidiomycota,0.142857143,0.7731078,0.110443971
MAT.B2.WF,B2,Warmed.Fertilized,X21,Lactarius_vietus_2,Lactarius,Russulaceae,Russulales,Basidiomycota,0,0.7731078,0
MAT.B2.WF,B2,Warmed.Fertilized,X22,Leccinum_holopus,Leccinum,Boletaceae,Boletales,Basidiomycota,0,0.7731078,0
MAT.B2.WF,B2,Warmed.Fertilized,X23,Leccinum_scabrum,Leccinum,Boletaceae,Boletales,Basidiomycota,0,0.7731078,0
MAT.B2.WF,B2,Warmed.Fertilized,X24,Leccinum_variicolor_1,Leccinum,Boletaceae,Boletales,Basidiomycota,0,0.7731078,0
MAT.B2.WF,B2,Warmed.Fertilized,X25,Leccinum_variicolor_2,Leccinum,Boletaceae,Boletales,Basidiomycota,0,0.7731078,0
MAT.B2.WF,B2,Warmed.Fertilized,X26,Leccinum_variicolor_3,Leccinum,Boletaceae,Boletales,Basidiomycota,0,0.7731078,0
MAT.B2.WF,B2,Warmed.Fertilized,X27,Leptodontidium_elatius,Leptodontidium,Helotiaceae,Helotiales,Ascomycota,0,0.7731078,0
MAT.B2.WF,B2,Warmed.Fertilized,X28,Meliniomyces_variabilis,Meliniomyces,Helotiaceae,Helotiales,Ascomycota,0,0.7731078,0
MAT.B2.WF,B2,Warmed.Fertilized,X29,Meliniomyces_bicolor,Meliniomyces,Helotiaceae,Helotiales,Ascomycota,0.047619048,0.7731078,0.036814657
MAT.B2.WF,B2,Warmed.Fertilized,X30,Phialocephala_fortinii,Phialocephala,Helotiaceae,Helotiales,Ascomycota,0,0.7731078,0
MAT.B2.WF,B2,Warmed.Fertilized,X31,Pseudotomentella_sp._1,Pseudotomentella,Thelephoraceae,Theleporales,Basidiomycota,0.142857143,0.7731078,0.110443971
MAT.B2.WF,B2,Warmed.Fertilized,X32,Rhizoscyphus_ericae,Rhizoscyphus,Helotiaceae,Helotiales,Ascomycota,0.047619048,0.7731078,0.036814657
MAT.B2.WF,B2,Warmed.Fertilized,X33,Thelephora_terrestris,Thelephora,Thelephoraceae,Theleporales,Basidiomycota,0.095238095,0.7731078,0.073629314
MAT.B2.WF,B2,Warmed.Fertilized,X34,Tomentella_sublilacina,Tomentella,Thelephoraceae,Theleporales,Basidiomycota,0,0.7731078,0
MAT.B2.WF,B2,Warmed.Fertilized,X35,Tomentella_sp._1,Tomentella,Thelephoraceae,Theleporales,Basidiomycota,0,0.7731078,0
MAT.B2.WF,B2,Warmed.Fertilized,X36,Tomentellopsis_submollis,Tomentellopsis,Thelephoraceae,Theleporales,Basidiomycota,0.095238095,0.7731078,0.073629314
MAT.B2.WF,B2,Warmed.Fertilized,X37,Russula_chamiteae,Russula,Russulaceae,Russulales,Basidiomycota,0,0.7731078,0
MAT.B2.WF,B2,Warmed.Fertilized,X38,Russula_decolorans,Russula,Russulaceae,Russulales,Basidiomycota,0.047619048,0.7731078,0.036814657
MAT.B2.WF,B2,Warmed.Fertilized,X39,Russula_nitida/sphagnicola,Russula,Russulaceae,Russulales,Basidiomycota,0.095238095,0.7731078,0.073629314
MAT.B2.WF,B2,Warmed.Fertilized,X40,Russula_sp._1,Russula,Russulaceae,Russulales,Basidiomycota,0,0.7731078,0
MAT.B2.WF,B2,Warmed.Fertilized,X41,Russula_sp._2,Russula,Russulaceae,Russulales,Basidiomycota,0,0.7731078,0
MAT.B2.WF,B2,Warmed.Fertilized,X42,Russula_sp._3,Russula,Russulaceae,Russulales,Basidiomycota,0,0.7731078,0
MAT.B2.WF,B2,Warmed.Fertilized,X43,Russula_sp._4,Russula,Russulaceae,Russulales,Basidiomycota,0,0.7731078,0
MAT.B2.WF,B2,Warmed.Fertilized,X44,Russula_vinosa,Russula,Russulaceae,Russulales,Basidiomycota,0,0.7731078,0
MAT.B3.C,B3,Control,X1,Alternaria_alternata,Alternaria,Pleosporaceae,Pleosporales,Ascomycota,0,0.7321026,0
MAT.B3.C,B3,Control,X2,Articulospora_tetracladia,Articulospora,Helotiaceae,Helotiales,Ascomycota,0,0.7321026,0
MAT.B3.C,B3,Control,X3,Cadophora_finlandica,Cadophora,Helotiaceae,Helotiales,Ascomycota,0,0.7321026,0
MAT.B3.C,B3,Control,X4,Cenococcum_geophilum,Cenococcum,Gloniaceae,Mytilinidiales,Ascomycota,0,0.7321026,0
MAT.B3.C,B3,Control,X5,Chalara_sp._1,Chalara,Helotiaceae,Helotiales,Ascomycota,0,0.7321026,0
MAT.B3.C,B3,Control,X6,Cortinarius_sp._1,Cortinarius,Cortinariaceae,Agaricales,Basidiomycota,0.117647059,0.7321026,0.086129718
MAT.B3.C,B3,Control,X7,Cortinarius_croceus_1,Cortinarius,Cortinariaceae,Agaricales,Basidiomycota,0,0.7321026,0
MAT.B3.C,B3,Control,X8,Cortinarius_glandicolor,Cortinarius,Cortinariaceae,Agaricales,Basidiomycota,0,0.7321026,0
MAT.B3.C,B3,Control,X9,Cortinarius_casimiri,Cortinarius,Cortinariaceae,Agaricales,Basidiomycota,0,0.7321026,0
MAT.B3.C,B3,Control,X10,Cortinarius_croceus_2,Cortinarius,Cortinariaceae,Agaricales,Basidiomycota,0.176470588,0.7321026,0.129194576
MAT.B3.C,B3,Control,X11,Cortinarius_herpeticus,Cortinarius,Cortinariaceae,Agaricales,Basidiomycota,0,0.7321026,0
MAT.B3.C,B3,Control,X12,Cortinarius_tabularis,Cortinarius,Cortinariaceae,Agricales,Basidiomycota,0,0.7321026,0
MAT.B3.C,B3,Control,X13,Cortinarius_delibutus,Cortinarius,Cortinariaceae,Agaricales,Basidiomycota,0,0.7321026,0
MAT.B3.C,B3,Control,X14,Cortinarius_sp._2,Cortinarius,Cortinariaceae,Agaricales,Basidiomycota,0,0.7321026,0
MAT.B3.C,B3,Control,X15,Cortinarius_paragaudis,Cortinarius,Cortinariaceae,Agaricales,Basidiomycota,0,0.7321026,0
MAT.B3.C,B3,Control,X16,Cortinarius_sp._3,Cortinarius,Cortinariaceae,Agaricales,Basidiomycota,0,0.7321026,0
MAT.B3.C,B3,Control,X17,Helotiales_sp._1,Helotiales_sp._1,Helotiales_sp._1,Helotiales,Ascomycota,0,0.7321026,0
MAT.B3.C,B3,Control,X18,Laccaria_laccata,Laccaria,Tricholomataceae,Agaricales,Basidiomycota,0,0.7321026,0
MAT.B3.C,B3,Control,X19,Lactarius_vietus_1,Lactarius,Russulaceae,Russulales,Basidiomycota,0.176470588,0.7321026,0.129194576
MAT.B3.C,B3,Control,X20,Lactarius_glyciosmus,Lactarius,Russulaceae,Russulales,Basidiomycota,0,0.7321026,0
MAT.B3.C,B3,Control,X21,Lactarius_vietus_2,Lactarius,Russulaceae,Russulales,Basidiomycota,0,0.7321026,0
MAT.B3.C,B3,Control,X22,Leccinum_holopus,Leccinum,Boletaceae,Boletales,Basidiomycota,0,0.7321026,0
MAT.B3.C,B3,Control,X23,Leccinum_scabrum,Leccinum,Boletaceae,Boletales,Basidiomycota,0,0.7321026,0
MAT.B3.C,B3,Control,X24,Leccinum_variicolor_1,Leccinum,Boletaceae,Boletales,Basidiomycota,0,0.7321026,0
MAT.B3.C,B3,Control,X25,Leccinum_variicolor_2,Leccinum,Boletaceae,Boletales,Basidiomycota,0,0.7321026,0
MAT.B3.C,B3,Control,X26,Leccinum_variicolor_3,Leccinum,Boletaceae,Boletales,Basidiomycota,0,0.7321026,0
MAT.B3.C,B3,Control,X27,Leptodontidium_elatius,Leptodontidium,Helotiaceae,Helotiales,Ascomycota,0,0.7321026,0
MAT.B3.C,B3,Control,X28,Meliniomyces_variabilis,Meliniomyces,Helotiaceae,Helotiales,Ascomycota,0,0.7321026,0
MAT.B3.C,B3,Control,X29,Meliniomyces_bicolor,Meliniomyces,Helotiaceae,Helotiales,Ascomycota,0,0.7321026,0
MAT.B3.C,B3,Control,X30,Phialocephala_fortinii,Phialocephala,Helotiaceae,Helotiales,Ascomycota,0,0.7321026,0
MAT.B3.C,B3,Control,X31,Pseudotomentella_sp._1,Pseudotomentella,Thelephoraceae,Theleporales,Basidiomycota,0,0.7321026,0
MAT.B3.C,B3,Control,X32,Rhizoscyphus_ericae,Rhizoscyphus,Helotiaceae,Helotiales,Ascomycota,0,0.7321026,0
MAT.B3.C,B3,Control,X33,Thelephora_terrestris,Thelephora,Thelephoraceae,Theleporales,Basidiomycota,0,0.7321026,0
MAT.B3.C,B3,Control,X34,Tomentella_sublilacina,Tomentella,Thelephoraceae,Theleporales,Basidiomycota,0,0.7321026,0
MAT.B3.C,B3,Control,X35,Tomentella_sp._1,Tomentella,Thelephoraceae,Theleporales,Basidiomycota,0,0.7321026,0
MAT.B3.C,B3,Control,X36,Tomentellopsis_submollis,Tomentellopsis,Thelephoraceae,Theleporales,Basidiomycota,0,0.7321026,0
MAT.B3.C,B3,Control,X37,Russula_chamiteae,Russula,Russulaceae,Russulales,Basidiomycota,0,0.7321026,0
MAT.B3.C,B3,Control,X38,Russula_decolorans,Russula,Russulaceae,Russulales,Basidiomycota,0.294117647,0.7321026,0.215324294
MAT.B3.C,B3,Control,X39,Russula_nitida/sphagnicola,Russula,Russulaceae,Russulales,Basidiomycota,0.058823529,0.7321026,0.043064859
MAT.B3.C,B3,Control,X40,Russula_sp._1,Russula,Russulaceae,Russulales,Basidiomycota,0.176470588,0.7321026,0.129194576
MAT.B3.C,B3,Control,X41,Russula_sp._2,Russula,Russulaceae,Russulales,Basidiomycota,0,0.7321026,0
MAT.B3.C,B3,Control,X42,Russula_sp._3,Russula,Russulaceae,Russulales,Basidiomycota,0,0.7321026,0
MAT.B3.C,B3,Control,X43,Russula_sp._4,Russula,Russulaceae,Russulales,Basidiomycota,0,0.7321026,0
MAT.B3.C,B3,Control,X44,Russula_vinosa,Russula,Russulaceae,Russulales,Basidiomycota,0,0.7321026,0
MAT.B3.F,B3,Fertilized,X1,Alternaria_alternata,Alternaria,Pleosporaceae,Pleosporales,Ascomycota,0,0.2263777,0
MAT.B3.F,B3,Fertilized,X2,Articulospora_tetracladia,Articulospora,Helotiaceae,Helotiales,Ascomycota,0,0.2263777,0
MAT.B3.F,B3,Fertilized,X3,Cadophora_finlandica,Cadophora,Helotiaceae,Helotiales,Ascomycota,0,0.2263777,0
MAT.B3.F,B3,Fertilized,X4,Cenococcum_geophilum,Cenococcum,Gloniaceae,Mytilinidiales,Ascomycota,0,0.2263777,0
MAT.B3.F,B3,Fertilized,X5,Chalara_sp._1,Chalara,Helotiaceae,Helotiales,Ascomycota,0,0.2263777,0
MAT.B3.F,B3,Fertilized,X6,Cortinarius_sp._1,Cortinarius,Cortinariaceae,Agaricales,Basidiomycota,0,0.2263777,0
MAT.B3.F,B3,Fertilized,X7,Cortinarius_croceus_1,Cortinarius,Cortinariaceae,Agaricales,Basidiomycota,0,0.2263777,0
MAT.B3.F,B3,Fertilized,X8,Cortinarius_glandicolor,Cortinarius,Cortinariaceae,Agaricales,Basidiomycota,0,0.2263777,0
MAT.B3.F,B3,Fertilized,X9,Cortinarius_casimiri,Cortinarius,Cortinariaceae,Agaricales,Basidiomycota,0,0.2263777,0
MAT.B3.F,B3,Fertilized,X10,Cortinarius_croceus_2,Cortinarius,Cortinariaceae,Agaricales,Basidiomycota,0,0.2263777,0
MAT.B3.F,B3,Fertilized,X11,Cortinarius_herpeticus,Cortinarius,Cortinariaceae,Agaricales,Basidiomycota,0,0.2263777,0
MAT.B3.F,B3,Fertilized,X12,Cortinarius_tabularis,Cortinarius,Cortinariaceae,Agricales,Basidiomycota,0,0.2263777,0
MAT.B3.F,B3,Fertilized,X13,Cortinarius_delibutus,Cortinarius,Cortinariaceae,Agaricales,Basidiomycota,0,0.2263777,0
MAT.B3.F,B3,Fertilized,X14,Cortinarius_sp._2,Cortinarius,Cortinariaceae,Agaricales,Basidiomycota,0,0.2263777,0
MAT.B3.F,B3,Fertilized,X15,Cortinarius_paragaudis,Cortinarius,Cortinariaceae,Agaricales,Basidiomycota,0,0.2263777,0
MAT.B3.F,B3,Fertilized,X16,Cortinarius_sp._3,Cortinarius,Cortinariaceae,Agaricales,Basidiomycota,0,0.2263777,0
MAT.B3.F,B3,Fertilized,X17,Helotiales_sp._1,Helotiales_sp._1,Helotiales_sp._1,Helotiales,Ascomycota,0,0.2263777,0
MAT.B3.F,B3,Fertilized,X18,Laccaria_laccata,Laccaria,Tricholomataceae,Agaricales,Basidiomycota,0.066666667,0.2263777,0.015091847
MAT.B3.F,B3,Fertilized,X19,Lactarius_vietus_1,Lactarius,Russulaceae,Russulales,Basidiomycota,0.066666667,0.2263777,0.015091847
MAT.B3.F,B3,Fertilized,X20,Lactarius_glyciosmus,Lactarius,Russulaceae,Russulales,Basidiomycota,0.133333333,0.2263777,0.030183693
MAT.B3.F,B3,Fertilized,X21,Lactarius_vietus_2,Lactarius,Russulaceae,Russulales,Basidiomycota,0,0.2263777,0
MAT.B3.F,B3,Fertilized,X22,Leccinum_holopus,Leccinum,Boletaceae,Boletales,Basidiomycota,0,0.2263777,0
MAT.B3.F,B3,Fertilized,X23,Leccinum_scabrum,Leccinum,Boletaceae,Boletales,Basidiomycota,0,0.2263777,0
MAT.B3.F,B3,Fertilized,X24,Leccinum_variicolor_1,Leccinum,Boletaceae,Boletales,Basidiomycota,0,0.2263777,0
MAT.B3.F,B3,Fertilized,X25,Leccinum_variicolor_2,Leccinum,Boletaceae,Boletales,Basidiomycota,0,0.2263777,0
MAT.B3.F,B3,Fertilized,X26,Leccinum_variicolor_3,Leccinum,Boletaceae,Boletales,Basidiomycota,0,0.2263777,0
MAT.B3.F,B3,Fertilized,X27,Leptodontidium_elatius,Leptodontidium,Helotiaceae,Helotiales,Ascomycota,0,0.2263777,0
MAT.B3.F,B3,Fertilized,X28,Meliniomyces_variabilis,Meliniomyces,Helotiaceae,Helotiales,Ascomycota,0,0.2263777,0
MAT.B3.F,B3,Fertilized,X29,Meliniomyces_bicolor,Meliniomyces,Helotiaceae,Helotiales,Ascomycota,0,0.2263777,0
MAT.B3.F,B3,Fertilized,X30,Phialocephala_fortinii,Phialocephala,Helotiaceae,Helotiales,Ascomycota,0,0.2263777,0
MAT.B3.F,B3,Fertilized,X31,Pseudotomentella_sp._1,Pseudotomentella,Thelephoraceae,Theleporales,Basidiomycota,0,0.2263777,0
MAT.B3.F,B3,Fertilized,X32,Rhizoscyphus_ericae,Rhizoscyphus,Helotiaceae,Helotiales,Ascomycota,0,0.2263777,0
MAT.B3.F,B3,Fertilized,X33,Thelephora_terrestris,Thelephora,Thelephoraceae,Theleporales,Basidiomycota,0,0.2263777,0
MAT.B3.F,B3,Fertilized,X34,Tomentella_sublilacina,Tomentella,Thelephoraceae,Theleporales,Basidiomycota,0,0.2263777,0
MAT.B3.F,B3,Fertilized,X35,Tomentella_sp._1,Tomentella,Thelephoraceae,Theleporales,Basidiomycota,0,0.2263777,0
MAT.B3.F,B3,Fertilized,X36,Tomentellopsis_submollis,Tomentellopsis,Thelephoraceae,Theleporales,Basidiomycota,0.066666667,0.2263777,0.015091847
MAT.B3.F,B3,Fertilized,X37,Russula_chamiteae,Russula,Russulaceae,Russulales,Basidiomycota,0,0.2263777,0
MAT.B3.F,B3,Fertilized,X38,Russula_decolorans,Russula,Russulaceae,Russulales,Basidiomycota,0,0.2263777,0
MAT.B3.F,B3,Fertilized,X39,Russula_nitida/sphagnicola,Russula,Russulaceae,Russulales,Basidiomycota,0.666666667,0.2263777,0.150918467
MAT.B3.F,B3,Fertilized,X40,Russula_sp._1,Russula,Russulaceae,Russulales,Basidiomycota,0,0.2263777,0
MAT.B3.F,B3,Fertilized,X41,Russula_sp._2,Russula,Russulaceae,Russulales,Basidiomycota,0,0.2263777,0
MAT.B3.F,B3,Fertilized,X42,Russula_sp._3,Russula,Russulaceae,Russulales,Basidiomycota,0,0.2263777,0
MAT.B3.F,B3,Fertilized,X43,Russula_sp._4,Russula,Russulaceae,Russulales,Basidiomycota,0,0.2263777,0
MAT.B3.F,B3,Fertilized,X44,Russula_vinosa,Russula,Russulaceae,Russulales,Basidiomycota,0,0.2263777,0
MAT.B3.W,B3,Warmed,X1,Alternaria_alternata,Alternaria,Pleosporaceae,Pleosporales,Ascomycota,0,1.3285167,0
MAT.B3.W,B3,Warmed,X2,Articulospora_tetracladia,Articulospora,Helotiaceae,Helotiales,Ascomycota,0,1.3285167,0
MAT.B3.W,B3,Warmed,X3,Cadophora_finlandica,Cadophora,Helotiaceae,Helotiales,Ascomycota,0,1.3285167,0
MAT.B3.W,B3,Warmed,X4,Cenococcum_geophilum,Cenococcum,Gloniaceae,Mytilinidiales,Ascomycota,0,1.3285167,0
MAT.B3.W,B3,Warmed,X5,Chalara_sp._1,Chalara,Helotiaceae,Helotiales,Ascomycota,0,1.3285167,0
MAT.B3.W,B3,Warmed,X6,Cortinarius_sp._1,Cortinarius,Cortinariaceae,Agaricales,Basidiomycota,0,1.3285167,0
MAT.B3.W,B3,Warmed,X7,Cortinarius_croceus_1,Cortinarius,Cortinariaceae,Agaricales,Basidiomycota,0,1.3285167,0
MAT.B3.W,B3,Warmed,X8,Cortinarius_glandicolor,Cortinarius,Cortinariaceae,Agaricales,Basidiomycota,0,1.3285167,0
MAT.B3.W,B3,Warmed,X9,Cortinarius_casimiri,Cortinarius,Cortinariaceae,Agaricales,Basidiomycota,0,1.3285167,0
MAT.B3.W,B3,Warmed,X10,Cortinarius_croceus_2,Cortinarius,Cortinariaceae,Agaricales,Basidiomycota,0,1.3285167,0
MAT.B3.W,B3,Warmed,X11,Cortinarius_herpeticus,Cortinarius,Cortinariaceae,Agaricales,Basidiomycota,0,1.3285167,0
MAT.B3.W,B3,Warmed,X12,Cortinarius_tabularis,Cortinarius,Cortinariaceae,Agricales,Basidiomycota,0,1.3285167,0
MAT.B3.W,B3,Warmed,X13,Cortinarius_delibutus,Cortinarius,Cortinariaceae,Agaricales,Basidiomycota,0,1.3285167,0
MAT.B3.W,B3,Warmed,X14,Cortinarius_sp._2,Cortinarius,Cortinariaceae,Agaricales,Basidiomycota,0,1.3285167,0
MAT.B3.W,B3,Warmed,X15,Cortinarius_paragaudis,Cortinarius,Cortinariaceae,Agaricales,Basidiomycota,0,1.3285167,0
MAT.B3.W,B3,Warmed,X16,Cortinarius_sp._3,Cortinarius,Cortinariaceae,Agaricales,Basidiomycota,0,1.3285167,0
MAT.B3.W,B3,Warmed,X17,Helotiales_sp._1,Helotiales_sp._1,Helotiales_sp._1,Helotiales,Ascomycota,0,1.3285167,0
MAT.B3.W,B3,Warmed,X18,Laccaria_laccata,Laccaria,Tricholomataceae,Agaricales,Basidiomycota,0,1.3285167,0
MAT.B3.W,B3,Warmed,X19,Lactarius_vietus_1,Lactarius,Russulaceae,Russulales,Basidiomycota,0,1.3285167,0
MAT.B3.W,B3,Warmed,X20,Lactarius_glyciosmus,Lactarius,Russulaceae,Russulales,Basidiomycota,0.111111111,1.3285167,0.147612967
MAT.B3.W,B3,Warmed,X21,Lactarius_vietus_2,Lactarius,Russulaceae,Russulales,Basidiomycota,0,1.3285167,0
MAT.B3.W,B3,Warmed,X22,Leccinum_holopus,Leccinum,Boletaceae,Boletales,Basidiomycota,0,1.3285167,0
MAT.B3.W,B3,Warmed,X23,Leccinum_scabrum,Leccinum,Boletaceae,Boletales,Basidiomycota,0.037037037,1.3285167,0.049204322
MAT.B3.W,B3,Warmed,X24,Leccinum_variicolor_1,Leccinum,Boletaceae,Boletales,Basidiomycota,0,1.3285167,0
MAT.B3.W,B3,Warmed,X25,Leccinum_variicolor_2,Leccinum,Boletaceae,Boletales,Basidiomycota,0,1.3285167,0
MAT.B3.W,B3,Warmed,X26,Leccinum_variicolor_3,Leccinum,Boletaceae,Boletales,Basidiomycota,0,1.3285167,0
MAT.B3.W,B3,Warmed,X27,Leptodontidium_elatius,Leptodontidium,Helotiaceae,Helotiales,Ascomycota,0.074074074,1.3285167,0.098408644
MAT.B3.W,B3,Warmed,X28,Meliniomyces_variabilis,Meliniomyces,Helotiaceae,Helotiales,Ascomycota,0,1.3285167,0
MAT.B3.W,B3,Warmed,X29,Meliniomyces_bicolor,Meliniomyces,Helotiaceae,Helotiales,Ascomycota,0.074074074,1.3285167,0.098408644
MAT.B3.W,B3,Warmed,X30,Phialocephala_fortinii,Phialocephala,Helotiaceae,Helotiales,Ascomycota,0,1.3285167,0
MAT.B3.W,B3,Warmed,X31,Pseudotomentella_sp._1,Pseudotomentella,Thelephoraceae,Theleporales,Basidiomycota,0,1.3285167,0
MAT.B3.W,B3,Warmed,X32,Rhizoscyphus_ericae,Rhizoscyphus,Helotiaceae,Helotiales,Ascomycota,0,1.3285167,0
MAT.B3.W,B3,Warmed,X33,Thelephora_terrestris,Thelephora,Thelephoraceae,Theleporales,Basidiomycota,0,1.3285167,0
MAT.B3.W,B3,Warmed,X34,Tomentella_sublilacina,Tomentella,Thelephoraceae,Theleporales,Basidiomycota,0,1.3285167,0
MAT.B3.W,B3,Warmed,X35,Tomentella_sp._1,Tomentella,Thelephoraceae,Theleporales,Basidiomycota,0,1.3285167,0
MAT.B3.W,B3,Warmed,X36,Tomentellopsis_submollis,Tomentellopsis,Thelephoraceae,Theleporales,Basidiomycota,0.037037037,1.3285167,0.049204322
MAT.B3.W,B3,Warmed,X37,Russula_chamiteae,Russula,Russulaceae,Russulales,Basidiomycota,0,1.3285167,0
MAT.B3.W,B3,Warmed,X38,Russula_decolorans,Russula,Russulaceae,Russulales,Basidiomycota,0,1.3285167,0
MAT.B3.W,B3,Warmed,X39,Russula_nitida/sphagnicola,Russula,Russulaceae,Russulales,Basidiomycota,0.62962963,1.3285167,0.836473478
MAT.B3.W,B3,Warmed,X40,Russula_sp._1,Russula,Russulaceae,Russulales,Basidiomycota,0,1.3285167,0
MAT.B3.W,B3,Warmed,X41,Russula_sp._2,Russula,Russulaceae,Russulales,Basidiomycota,0,1.3285167,0
MAT.B3.W,B3,Warmed,X42,Russula_sp._3,Russula,Russulaceae,Russulales,Basidiomycota,0,1.3285167,0
MAT.B3.W,B3,Warmed,X43,Russula_sp._4,Russula,Russulaceae,Russulales,Basidiomycota,0,1.3285167,0
MAT.B3.W,B3,Warmed,X44,Russula_vinosa,Russula,Russulaceae,Russulales,Basidiomycota,0.037037037,1.3285167,0.049204322
MAT.B3.WF,B3,Warmed.Fertilized,X1,Alternaria_alternata,Alternaria,Pleosporaceae,Pleosporales,Ascomycota,0,0.3748117,0
MAT.B3.WF,B3,Warmed.Fertilized,X2,Articulospora_tetracladia,Articulospora,Helotiaceae,Helotiales,Ascomycota,0,0.3748117,0
MAT.B3.WF,B3,Warmed.Fertilized,X3,Cadophora_finlandica,Cadophora,Helotiaceae,Helotiales,Ascomycota,0,0.3748117,0
MAT.B3.WF,B3,Warmed.Fertilized,X4,Cenococcum_geophilum,Cenococcum,Gloniaceae,Mytilinidiales,Ascomycota,0,0.3748117,0
MAT.B3.WF,B3,Warmed.Fertilized,X5,Chalara_sp._1,Chalara,Helotiaceae,Helotiales,Ascomycota,0,0.3748117,0
MAT.B3.WF,B3,Warmed.Fertilized,X6,Cortinarius_sp._1,Cortinarius,Cortinariaceae,Agaricales,Basidiomycota,0,0.3748117,0
MAT.B3.WF,B3,Warmed.Fertilized,X7,Cortinarius_croceus_1,Cortinarius,Cortinariaceae,Agaricales,Basidiomycota,0,0.3748117,0
MAT.B3.WF,B3,Warmed.Fertilized,X8,Cortinarius_glandicolor,Cortinarius,Cortinariaceae,Agaricales,Basidiomycota,0,0.3748117,0
MAT.B3.WF,B3,Warmed.Fertilized,X9,Cortinarius_casimiri,Cortinarius,Cortinariaceae,Agaricales,Basidiomycota,0,0.3748117,0
MAT.B3.WF,B3,Warmed.Fertilized,X10,Cortinarius_croceus_2,Cortinarius,Cortinariaceae,Agaricales,Basidiomycota,0,0.3748117,0
MAT.B3.WF,B3,Warmed.Fertilized,X11,Cortinarius_herpeticus,Cortinarius,Cortinariaceae,Agaricales,Basidiomycota,0,0.3748117,0
MAT.B3.WF,B3,Warmed.Fertilized,X12,Cortinarius_tabularis,Cortinarius,Cortinariaceae,Agricales,Basidiomycota,0,0.3748117,0
MAT.B3.WF,B3,Warmed.Fertilized,X13,Cortinarius_delibutus,Cortinarius,Cortinariaceae,Agaricales,Basidiomycota,0,0.3748117,0
MAT.B3.WF,B3,Warmed.Fertilized,X14,Cortinarius_sp._2,Cortinarius,Cortinariaceae,Agaricales,Basidiomycota,0,0.3748117,0
MAT.B3.WF,B3,Warmed.Fertilized,X15,Cortinarius_paragaudis,Cortinarius,Cortinariaceae,Agaricales,Basidiomycota,0,0.3748117,0
MAT.B3.WF,B3,Warmed.Fertilized,X16,Cortinarius_sp._3,Cortinarius,Cortinariaceae,Agaricales,Basidiomycota,0,0.3748117,0
MAT.B3.WF,B3,Warmed.Fertilized,X17,Helotiales_sp._1,Helotiales_sp._1,Helotiales_sp._1,Helotiales,Ascomycota,0,0.3748117,0
MAT.B3.WF,B3,Warmed.Fertilized,X18,Laccaria_laccata,Laccaria,Tricholomataceae,Agaricales,Basidiomycota,0.142857143,0.3748117,0.053544529
MAT.B3.WF,B3,Warmed.Fertilized,X19,Lactarius_vietus_1,Lactarius,Russulaceae,Russulales,Basidiomycota,0,0.3748117,0
MAT.B3.WF,B3,Warmed.Fertilized,X20,Lactarius_glyciosmus,Lactarius,Russulaceae,Russulales,Basidiomycota,0.25,0.3748117,0.093702925
MAT.B3.WF,B3,Warmed.Fertilized,X21,Lactarius_vietus_2,Lactarius,Russulaceae,Russulales,Basidiomycota,0,0.3748117,0
MAT.B3.WF,B3,Warmed.Fertilized,X22,Leccinum_holopus,Leccinum,Boletaceae,Boletales,Basidiomycota,0,0.3748117,0
MAT.B3.WF,B3,Warmed.Fertilized,X23,Leccinum_scabrum,Leccinum,Boletaceae,Boletales,Basidiomycota,0,0.3748117,0
MAT.B3.WF,B3,Warmed.Fertilized,X24,Leccinum_variicolor_1,Leccinum,Boletaceae,Boletales,Basidiomycota,0,0.3748117,0
MAT.B3.WF,B3,Warmed.Fertilized,X25,Leccinum_variicolor_2,Leccinum,Boletaceae,Boletales,Basidiomycota,0,0.3748117,0
MAT.B3.WF,B3,Warmed.Fertilized,X26,Leccinum_variicolor_3,Leccinum,Boletaceae,Boletales,Basidiomycota,0,0.3748117,0
MAT.B3.WF,B3,Warmed.Fertilized,X27,Leptodontidium_elatius,Leptodontidium,Helotiaceae,Helotiales,Ascomycota,0,0.3748117,0
MAT.B3.WF,B3,Warmed.Fertilized,X28,Meliniomyces_variabilis,Meliniomyces,Helotiaceae,Helotiales,Ascomycota,0,0.3748117,0
MAT.B3.WF,B3,Warmed.Fertilized,X29,Meliniomyces_bicolor,Meliniomyces,Helotiaceae,Helotiales,Ascomycota,0,0.3748117,0
MAT.B3.WF,B3,Warmed.Fertilized,X30,Phialocephala_fortinii,Phialocephala,Helotiaceae,Helotiales,Ascomycota,0,0.3748117,0
MAT.B3.WF,B3,Warmed.Fertilized,X31,Pseudotomentella_sp._1,Pseudotomentella,Thelephoraceae,Theleporales,Basidiomycota,0,0.3748117,0
MAT.B3.WF,B3,Warmed.Fertilized,X32,Rhizoscyphus_ericae,Rhizoscyphus,Helotiaceae,Helotiales,Ascomycota,0,0.3748117,0
MAT.B3.WF,B3,Warmed.Fertilized,X33,Thelephora_terrestris,Thelephora,Thelephoraceae,Theleporales,Basidiomycota,0,0.3748117,0
MAT.B3.WF,B3,Warmed.Fertilized,X34,Tomentella_sublilacina,Tomentella,Thelephoraceae,Theleporales,Basidiomycota,0,0.3748117,0
MAT.B3.WF,B3,Warmed.Fertilized,X35,Tomentella_sp._1,Tomentella,Thelephoraceae,Theleporales,Basidiomycota,0,0.3748117,0
MAT.B3.WF,B3,Warmed.Fertilized,X36,Tomentellopsis_submollis,Tomentellopsis,Thelephoraceae,Theleporales,Basidiomycota,0.071428571,0.3748117,0.026772264
MAT.B3.WF,B3,Warmed.Fertilized,X37,Russula_chamiteae,Russula,Russulaceae,Russulales,Basidiomycota,0,0.3748117,0
MAT.B3.WF,B3,Warmed.Fertilized,X38,Russula_decolorans,Russula,Russulaceae,Russulales,Basidiomycota,0,0.3748117,0
MAT.B3.WF,B3,Warmed.Fertilized,X39,Russula_nitida/sphagnicola,Russula,Russulaceae,Russulales,Basidiomycota,0.178571429,0.3748117,0.066930661
MAT.B3.WF,B3,Warmed.Fertilized,X40,Russula_sp._1,Russula,Russulaceae,Russulales,Basidiomycota,0.035714286,0.3748117,0.013386132
MAT.B3.WF,B3,Warmed.Fertilized,X41,Russula_sp._2,Russula,Russulaceae,Russulales,Basidiomycota,0.071428571,0.3748117,0.026772264
MAT.B3.WF,B3,Warmed.Fertilized,X42,Russula_sp._3,Russula,Russulaceae,Russulales,Basidiomycota,0.25,0.3748117,0.093702925
MAT.B3.WF,B3,Warmed.Fertilized,X43,Russula_sp._4,Russula,Russulaceae,Russulales,Basidiomycota,0,0.3748117,0
MAT.B3.WF,B3,Warmed.Fertilized,X44,Russula_vinosa,Russula,Russulaceae,Russulales,Basidiomycota,0,0.3748117,0
MAT.B4.C,B4,Control,X1,Alternaria_alternata,Alternaria,Pleosporaceae,Pleosporales,Ascomycota,0,0.6643161,0
MAT.B4.C,B4,Control,X2,Articulospora_tetracladia,Articulospora,Helotiaceae,Helotiales,Ascomycota,0,0.6643161,0
MAT.B4.C,B4,Control,X3,Cadophora_finlandica,Cadophora,Helotiaceae,Helotiales,Ascomycota,0,0.6643161,0
MAT.B4.C,B4,Control,X4,Cenococcum_geophilum,Cenococcum,Gloniaceae,Mytilinidiales,Ascomycota,0.1,0.6643161,0.06643161
MAT.B4.C,B4,Control,X5,Chalara_sp._1,Chalara,Helotiaceae,Helotiales,Ascomycota,0,0.6643161,0
MAT.B4.C,B4,Control,X6,Cortinarius_sp._1,Cortinarius,Cortinariaceae,Agaricales,Basidiomycota,0.166666667,0.6643161,0.11071935
MAT.B4.C,B4,Control,X7,Cortinarius_croceus_1,Cortinarius,Cortinariaceae,Agaricales,Basidiomycota,0,0.6643161,0
MAT.B4.C,B4,Control,X8,Cortinarius_glandicolor,Cortinarius,Cortinariaceae,Agaricales,Basidiomycota,0,0.6643161,0
MAT.B4.C,B4,Control,X9,Cortinarius_casimiri,Cortinarius,Cortinariaceae,Agaricales,Basidiomycota,0,0.6643161,0
MAT.B4.C,B4,Control,X10,Cortinarius_croceus_2,Cortinarius,Cortinariaceae,Agaricales,Basidiomycota,0,0.6643161,0
MAT.B4.C,B4,Control,X11,Cortinarius_herpeticus,Cortinarius,Cortinariaceae,Agaricales,Basidiomycota,0.1,0.6643161,0.06643161
MAT.B4.C,B4,Control,X12,Cortinarius_tabularis,Cortinarius,Cortinariaceae,Agricales,Basidiomycota,0.033333333,0.6643161,0.02214387
MAT.B4.C,B4,Control,X13,Cortinarius_delibutus,Cortinarius,Cortinariaceae,Agaricales,Basidiomycota,0,0.6643161,0
MAT.B4.C,B4,Control,X14,Cortinarius_sp._2,Cortinarius,Cortinariaceae,Agaricales,Basidiomycota,0,0.6643161,0
MAT.B4.C,B4,Control,X15,Cortinarius_paragaudis,Cortinarius,Cortinariaceae,Agaricales,Basidiomycota,0,0.6643161,0
MAT.B4.C,B4,Control,X16,Cortinarius_sp._3,Cortinarius,Cortinariaceae,Agaricales,Basidiomycota,0,0.6643161,0
MAT.B4.C,B4,Control,X17,Helotiales_sp._1,Helotiales_sp._1,Helotiales_sp._1,Helotiales,Ascomycota,0,0.6643161,0
MAT.B4.C,B4,Control,X18,Laccaria_laccata,Laccaria,Tricholomataceae,Agaricales,Basidiomycota,0.033333333,0.6643161,0.02214387
MAT.B4.C,B4,Control,X19,Lactarius_vietus_1,Lactarius,Russulaceae,Russulales,Basidiomycota,0,0.6643161,0
MAT.B4.C,B4,Control,X20,Lactarius_glyciosmus,Lactarius,Russulaceae,Russulales,Basidiomycota,0.033333333,0.6643161,0.02214387
MAT.B4.C,B4,Control,X21,Lactarius_vietus_2,Lactarius,Russulaceae,Russulales,Basidiomycota,0,0.6643161,0
MAT.B4.C,B4,Control,X22,Leccinum_holopus,Leccinum,Boletaceae,Boletales,Basidiomycota,0,0.6643161,0
MAT.B4.C,B4,Control,X23,Leccinum_scabrum,Leccinum,Boletaceae,Boletales,Basidiomycota,0,0.6643161,0
MAT.B4.C,B4,Control,X24,Leccinum_variicolor_1,Leccinum,Boletaceae,Boletales,Basidiomycota,0,0.6643161,0
MAT.B4.C,B4,Control,X25,Leccinum_variicolor_2,Leccinum,Boletaceae,Boletales,Basidiomycota,0.033333333,0.6643161,0.02214387
MAT.B4.C,B4,Control,X26,Leccinum_variicolor_3,Leccinum,Boletaceae,Boletales,Basidiomycota,0,0.6643161,0
MAT.B4.C,B4,Control,X27,Leptodontidium_elatius,Leptodontidium,Helotiaceae,Helotiales,Ascomycota,0,0.6643161,0
MAT.B4.C,B4,Control,X28,Meliniomyces_variabilis,Meliniomyces,Helotiaceae,Helotiales,Ascomycota,0,0.6643161,0
MAT.B4.C,B4,Control,X29,Meliniomyces_bicolor,Meliniomyces,Helotiaceae,Helotiales,Ascomycota,0,0.6643161,0
MAT.B4.C,B4,Control,X30,Phialocephala_fortinii,Phialocephala,Helotiaceae,Helotiales,Ascomycota,0,0.6643161,0
MAT.B4.C,B4,Control,X31,Pseudotomentella_sp._1,Pseudotomentella,Thelephoraceae,Theleporales,Basidiomycota,0,0.6643161,0
MAT.B4.C,B4,Control,X32,Rhizoscyphus_ericae,Rhizoscyphus,Helotiaceae,Helotiales,Ascomycota,0,0.6643161,0
MAT.B4.C,B4,Control,X33,Thelephora_terrestris,Thelephora,Thelephoraceae,Theleporales,Basidiomycota,0,0.6643161,0
MAT.B4.C,B4,Control,X34,Tomentella_sublilacina,Tomentella,Thelephoraceae,Theleporales,Basidiomycota,0,0.6643161,0
MAT.B4.C,B4,Control,X35,Tomentella_sp._1,Tomentella,Thelephoraceae,Theleporales,Basidiomycota,0,0.6643161,0
MAT.B4.C,B4,Control,X36,Tomentellopsis_submollis,Tomentellopsis,Thelephoraceae,Theleporales,Basidiomycota,0.033333333,0.6643161,0.02214387
MAT.B4.C,B4,Control,X37,Russula_chamiteae,Russula,Russulaceae,Russulales,Basidiomycota,0.133333333,0.6643161,0.08857548
MAT.B4.C,B4,Control,X38,Russula_decolorans,Russula,Russulaceae,Russulales,Basidiomycota,0.233333333,0.6643161,0.15500709
MAT.B4.C,B4,Control,X39,Russula_nitida/sphagnicola,Russula,Russulaceae,Russulales,Basidiomycota,0.033333333,0.6643161,0.02214387
MAT.B4.C,B4,Control,X40,Russula_sp._1,Russula,Russulaceae,Russulales,Basidiomycota,0.066666667,0.6643161,0.04428774
MAT.B4.C,B4,Control,X41,Russula_sp._2,Russula,Russulaceae,Russulales,Basidiomycota,0,0.6643161,0
MAT.B4.C,B4,Control,X42,Russula_sp._3,Russula,Russulaceae,Russulales,Basidiomycota,0,0.6643161,0
MAT.B4.C,B4,Control,X43,Russula_sp._4,Russula,Russulaceae,Russulales,Basidiomycota,0,0.6643161,0
MAT.B4.C,B4,Control,X44,Russula_vinosa,Russula,Russulaceae,Russulales,Basidiomycota,0,0.6643161,0
MAT.B4.F,B4,Fertilized,X1,Alternaria_alternata,Alternaria,Pleosporaceae,Pleosporales,Ascomycota,0,0.277105,0
MAT.B4.F,B4,Fertilized,X2,Articulospora_tetracladia,Articulospora,Helotiaceae,Helotiales,Ascomycota,0,0.277105,0
MAT.B4.F,B4,Fertilized,X3,Cadophora_finlandica,Cadophora,Helotiaceae,Helotiales,Ascomycota,0,0.277105,0
MAT.B4.F,B4,Fertilized,X4,Cenococcum_geophilum,Cenococcum,Gloniaceae,Mytilinidiales,Ascomycota,0,0.277105,0
MAT.B4.F,B4,Fertilized,X5,Chalara_sp._1,Chalara,Helotiaceae,Helotiales,Ascomycota,0,0.277105,0
MAT.B4.F,B4,Fertilized,X6,Cortinarius_sp._1,Cortinarius,Cortinariaceae,Agaricales,Basidiomycota,0,0.277105,0
MAT.B4.F,B4,Fertilized,X7,Cortinarius_croceus_1,Cortinarius,Cortinariaceae,Agaricales,Basidiomycota,0,0.277105,0
MAT.B4.F,B4,Fertilized,X8,Cortinarius_glandicolor,Cortinarius,Cortinariaceae,Agaricales,Basidiomycota,0,0.277105,0
MAT.B4.F,B4,Fertilized,X9,Cortinarius_casimiri,Cortinarius,Cortinariaceae,Agaricales,Basidiomycota,0,0.277105,0
MAT.B4.F,B4,Fertilized,X10,Cortinarius_croceus_2,Cortinarius,Cortinariaceae,Agaricales,Basidiomycota,0,0.277105,0
MAT.B4.F,B4,Fertilized,X11,Cortinarius_herpeticus,Cortinarius,Cortinariaceae,Agaricales,Basidiomycota,0,0.277105,0
MAT.B4.F,B4,Fertilized,X12,Cortinarius_tabularis,Cortinarius,Cortinariaceae,Agricales,Basidiomycota,0,0.277105,0
MAT.B4.F,B4,Fertilized,X13,Cortinarius_delibutus,Cortinarius,Cortinariaceae,Agaricales,Basidiomycota,0.1,0.277105,0.0277105
MAT.B4.F,B4,Fertilized,X14,Cortinarius_sp._2,Cortinarius,Cortinariaceae,Agaricales,Basidiomycota,0,0.277105,0
MAT.B4.F,B4,Fertilized,X15,Cortinarius_paragaudis,Cortinarius,Cortinariaceae,Agaricales,Basidiomycota,0,0.277105,0
MAT.B4.F,B4,Fertilized,X16,Cortinarius_sp._3,Cortinarius,Cortinariaceae,Agaricales,Basidiomycota,0,0.277105,0
MAT.B4.F,B4,Fertilized,X17,Helotiales_sp._1,Helotiales_sp._1,Helotiales_sp._1,Helotiales,Ascomycota,0,0.277105,0
MAT.B4.F,B4,Fertilized,X18,Laccaria_laccata,Laccaria,Tricholomataceae,Agaricales,Basidiomycota,0.266666667,0.277105,0.073894667
MAT.B4.F,B4,Fertilized,X19,Lactarius_vietus_1,Lactarius,Russulaceae,Russulales,Basidiomycota,0,0.277105,0
MAT.B4.F,B4,Fertilized,X20,Lactarius_glyciosmus,Lactarius,Russulaceae,Russulales,Basidiomycota,0.066666667,0.277105,0.018473667
MAT.B4.F,B4,Fertilized,X21,Lactarius_vietus_2,Lactarius,Russulaceae,Russulales,Basidiomycota,0.033333333,0.277105,0.009236833
MAT.B4.F,B4,Fertilized,X22,Leccinum_holopus,Leccinum,Boletaceae,Boletales,Basidiomycota,0,0.277105,0
MAT.B4.F,B4,Fertilized,X23,Leccinum_scabrum,Leccinum,Boletaceae,Boletales,Basidiomycota,0,0.277105,0
MAT.B4.F,B4,Fertilized,X24,Leccinum_variicolor_1,Leccinum,Boletaceae,Boletales,Basidiomycota,0,0.277105,0
MAT.B4.F,B4,Fertilized,X25,Leccinum_variicolor_2,Leccinum,Boletaceae,Boletales,Basidiomycota,0,0.277105,0
MAT.B4.F,B4,Fertilized,X26,Leccinum_variicolor_3,Leccinum,Boletaceae,Boletales,Basidiomycota,0,0.277105,0
MAT.B4.F,B4,Fertilized,X27,Leptodontidium_elatius,Leptodontidium,Helotiaceae,Helotiales,Ascomycota,0,0.277105,0
MAT.B4.F,B4,Fertilized,X28,Meliniomyces_variabilis,Meliniomyces,Helotiaceae,Helotiales,Ascomycota,0,0.277105,0
MAT.B4.F,B4,Fertilized,X29,Meliniomyces_bicolor,Meliniomyces,Helotiaceae,Helotiales,Ascomycota,0,0.277105,0
MAT.B4.F,B4,Fertilized,X30,Phialocephala_fortinii,Phialocephala,Helotiaceae,Helotiales,Ascomycota,0,0.277105,0
MAT.B4.F,B4,Fertilized,X31,Pseudotomentella_sp._1,Pseudotomentella,Thelephoraceae,Theleporales,Basidiomycota,0,0.277105,0
MAT.B4.F,B4,Fertilized,X32,Rhizoscyphus_ericae,Rhizoscyphus,Helotiaceae,Helotiales,Ascomycota,0.033333333,0.277105,0.009236833
MAT.B4.F,B4,Fertilized,X33,Thelephora_terrestris,Thelephora,Thelephoraceae,Theleporales,Basidiomycota,0.1,0.277105,0.0277105
MAT.B4.F,B4,Fertilized,X34,Tomentella_sublilacina,Tomentella,Thelephoraceae,Theleporales,Basidiomycota,0,0.277105,0
MAT.B4.F,B4,Fertilized,X35,Tomentella_sp._1,Tomentella,Thelephoraceae,Theleporales,Basidiomycota,0,0.277105,0
MAT.B4.F,B4,Fertilized,X36,Tomentellopsis_submollis,Tomentellopsis,Thelephoraceae,Theleporales,Basidiomycota,0,0.277105,0
MAT.B4.F,B4,Fertilized,X37,Russula_chamiteae,Russula,Russulaceae,Russulales,Basidiomycota,0,0.277105,0
MAT.B4.F,B4,Fertilized,X38,Russula_decolorans,Russula,Russulaceae,Russulales,Basidiomycota,0,0.277105,0
MAT.B4.F,B4,Fertilized,X39,Russula_nitida/sphagnicola,Russula,Russulaceae,Russulales,Basidiomycota,0.4,0.277105,0.110842
MAT.B4.F,B4,Fertilized,X40,Russula_sp._1,Russula,Russulaceae,Russulales,Basidiomycota,0,0.277105,0
MAT.B4.F,B4,Fertilized,X41,Russula_sp._2,Russula,Russulaceae,Russulales,Basidiomycota,0,0.277105,0
MAT.B4.F,B4,Fertilized,X42,Russula_sp._3,Russula,Russulaceae,Russulales,Basidiomycota,0,0.277105,0
MAT.B4.F,B4,Fertilized,X43,Russula_sp._4,Russula,Russulaceae,Russulales,Basidiomycota,0,0.277105,0
MAT.B4.F,B4,Fertilized,X44,Russula_vinosa,Russula,Russulaceae,Russulales,Basidiomycota,0,0.277105,0
MAT.B4.W,B4,Warmed,X1,Alternaria_alternata,Alternaria,Pleosporaceae,Pleosporales,Ascomycota,0,0.8078571,0
MAT.B4.W,B4,Warmed,X2,Articulospora_tetracladia,Articulospora,Helotiaceae,Helotiales,Ascomycota,0,0.8078571,0
MAT.B4.W,B4,Warmed,X3,Cadophora_finlandica,Cadophora,Helotiaceae,Helotiales,Ascomycota,0,0.8078571,0
MAT.B4.W,B4,Warmed,X4,Cenococcum_geophilum,Cenococcum,Gloniaceae,Mytilinidiales,Ascomycota,0.033898305,0.8078571,0.027384986
MAT.B4.W,B4,Warmed,X5,Chalara_sp._1,Chalara,Helotiaceae,Helotiales,Ascomycota,0,0.8078571,0
MAT.B4.W,B4,Warmed,X6,Cortinarius_sp._1,Cortinarius,Cortinariaceae,Agaricales,Basidiomycota,0,0.8078571,0
MAT.B4.W,B4,Warmed,X7,Cortinarius_croceus_1,Cortinarius,Cortinariaceae,Agaricales,Basidiomycota,0,0.8078571,0
MAT.B4.W,B4,Warmed,X8,Cortinarius_glandicolor,Cortinarius,Cortinariaceae,Agaricales,Basidiomycota,0,0.8078571,0
MAT.B4.W,B4,Warmed,X9,Cortinarius_casimiri,Cortinarius,Cortinariaceae,Agaricales,Basidiomycota,0,0.8078571,0
MAT.B4.W,B4,Warmed,X10,Cortinarius_croceus_2,Cortinarius,Cortinariaceae,Agaricales,Basidiomycota,0.016949153,0.8078571,0.013692493
MAT.B4.W,B4,Warmed,X11,Cortinarius_herpeticus,Cortinarius,Cortinariaceae,Agaricales,Basidiomycota,0,0.8078571,0
MAT.B4.W,B4,Warmed,X12,Cortinarius_tabularis,Cortinarius,Cortinariaceae,Agricales,Basidiomycota,0,0.8078571,0
MAT.B4.W,B4,Warmed,X13,Cortinarius_delibutus,Cortinarius,Cortinariaceae,Agaricales,Basidiomycota,0,0.8078571,0
MAT.B4.W,B4,Warmed,X14,Cortinarius_sp._2,Cortinarius,Cortinariaceae,Agaricales,Basidiomycota,0.084745763,0.8078571,0.068462466
MAT.B4.W,B4,Warmed,X15,Cortinarius_paragaudis,Cortinarius,Cortinariaceae,Agaricales,Basidiomycota,0.016949153,0.8078571,0.013692493
MAT.B4.W,B4,Warmed,X16,Cortinarius_sp._3,Cortinarius,Cortinariaceae,Agaricales,Basidiomycota,0,0.8078571,0
MAT.B4.W,B4,Warmed,X17,Helotiales_sp._1,Helotiales_sp._1,Helotiales_sp._1,Helotiales,Ascomycota,0,0.8078571,0
MAT.B4.W,B4,Warmed,X18,Laccaria_laccata,Laccaria,Tricholomataceae,Agaricales,Basidiomycota,0,0.8078571,0
MAT.B4.W,B4,Warmed,X19,Lactarius_vietus_1,Lactarius,Russulaceae,Russulales,Basidiomycota,0.101694915,0.8078571,0.082154959
MAT.B4.W,B4,Warmed,X20,Lactarius_glyciosmus,Lactarius,Russulaceae,Russulales,Basidiomycota,0.016949153,0.8078571,0.013692493
MAT.B4.W,B4,Warmed,X21,Lactarius_vietus_2,Lactarius,Russulaceae,Russulales,Basidiomycota,0,0.8078571,0
MAT.B4.W,B4,Warmed,X22,Leccinum_holopus,Leccinum,Boletaceae,Boletales,Basidiomycota,0,0.8078571,0
MAT.B4.W,B4,Warmed,X23,Leccinum_scabrum,Leccinum,Boletaceae,Boletales,Basidiomycota,0,0.8078571,0
MAT.B4.W,B4,Warmed,X24,Leccinum_variicolor_1,Leccinum,Boletaceae,Boletales,Basidiomycota,0,0.8078571,0
MAT.B4.W,B4,Warmed,X25,Leccinum_variicolor_2,Leccinum,Boletaceae,Boletales,Basidiomycota,0,0.8078571,0
MAT.B4.W,B4,Warmed,X26,Leccinum_variicolor_3,Leccinum,Boletaceae,Boletales,Basidiomycota,0,0.8078571,0
MAT.B4.W,B4,Warmed,X27,Leptodontidium_elatius,Leptodontidium,Helotiaceae,Helotiales,Ascomycota,0,0.8078571,0
MAT.B4.W,B4,Warmed,X28,Meliniomyces_variabilis,Meliniomyces,Helotiaceae,Helotiales,Ascomycota,0,0.8078571,0
MAT.B4.W,B4,Warmed,X29,Meliniomyces_bicolor,Meliniomyces,Helotiaceae,Helotiales,Ascomycota,0,0.8078571,0
MAT.B4.W,B4,Warmed,X30,Phialocephala_fortinii,Phialocephala,Helotiaceae,Helotiales,Ascomycota,0,0.8078571,0
MAT.B4.W,B4,Warmed,X31,Pseudotomentella_sp._1,Pseudotomentella,Thelephoraceae,Theleporales,Basidiomycota,0,0.8078571,0
MAT.B4.W,B4,Warmed,X32,Rhizoscyphus_ericae,Rhizoscyphus,Helotiaceae,Helotiales,Ascomycota,0,0.8078571,0
MAT.B4.W,B4,Warmed,X33,Thelephora_terrestris,Thelephora,Thelephoraceae,Theleporales,Basidiomycota,0,0.8078571,0
MAT.B4.W,B4,Warmed,X34,Tomentella_sublilacina,Tomentella,Thelephoraceae,Theleporales,Basidiomycota,0.084745763,0.8078571,0.068462466
MAT.B4.W,B4,Warmed,X35,Tomentella_sp._1,Tomentella,Thelephoraceae,Theleporales,Basidiomycota,0.050847458,0.8078571,0.04107748
MAT.B4.W,B4,Warmed,X36,Tomentellopsis_submollis,Tomentellopsis,Thelephoraceae,Theleporales,Basidiomycota,0,0.8078571,0
MAT.B4.W,B4,Warmed,X37,Russula_chamiteae,Russula,Russulaceae,Russulales,Basidiomycota,0.084745763,0.8078571,0.068462466
MAT.B4.W,B4,Warmed,X38,Russula_decolorans,Russula,Russulaceae,Russulales,Basidiomycota,0.491525424,0.8078571,0.397082303
MAT.B4.W,B4,Warmed,X39,Russula_nitida/sphagnicola,Russula,Russulaceae,Russulales,Basidiomycota,0,0.8078571,0
MAT.B4.W,B4,Warmed,X40,Russula_sp._1,Russula,Russulaceae,Russulales,Basidiomycota,0,0.8078571,0
MAT.B4.W,B4,Warmed,X41,Russula_sp._2,Russula,Russulaceae,Russulales,Basidiomycota,0,0.8078571,0
MAT.B4.W,B4,Warmed,X42,Russula_sp._3,Russula,Russulaceae,Russulales,Basidiomycota,0,0.8078571,0
MAT.B4.W,B4,Warmed,X43,Russula_sp._4,Russula,Russulaceae,Russulales,Basidiomycota,0.016949153,0.8078571,0.013692493
MAT.B4.W,B4,Warmed,X44,Russula_vinosa,Russula,Russulaceae,Russulales,Basidiomycota,0,0.8078571,0
MAT.B4.WF,B4,Warmed.Fertilized,X1,Alternaria_alternata,Alternaria,Pleosporaceae,Pleosporales,Ascomycota,0,0.8189527,0
MAT.B4.WF,B4,Warmed.Fertilized,X2,Articulospora_tetracladia,Articulospora,Helotiaceae,Helotiales,Ascomycota,0,0.8189527,0
MAT.B4.WF,B4,Warmed.Fertilized,X3,Cadophora_finlandica,Cadophora,Helotiaceae,Helotiales,Ascomycota,0,0.8189527,0
MAT.B4.WF,B4,Warmed.Fertilized,X4,Cenococcum_geophilum,Cenococcum,Gloniaceae,Mytilinidiales,Ascomycota,0.25,0.8189527,0.204738175
MAT.B4.WF,B4,Warmed.Fertilized,X5,Chalara_sp._1,Chalara,Helotiaceae,Helotiales,Ascomycota,0,0.8189527,0
MAT.B4.WF,B4,Warmed.Fertilized,X6,Cortinarius_sp._1,Cortinarius,Cortinariaceae,Agaricales,Basidiomycota,0,0.8189527,0
MAT.B4.WF,B4,Warmed.Fertilized,X7,Cortinarius_croceus_1,Cortinarius,Cortinariaceae,Agaricales,Basidiomycota,0,0.8189527,0
MAT.B4.WF,B4,Warmed.Fertilized,X8,Cortinarius_glandicolor,Cortinarius,Cortinariaceae,Agaricales,Basidiomycota,0,0.8189527,0
MAT.B4.WF,B4,Warmed.Fertilized,X9,Cortinarius_casimiri,Cortinarius,Cortinariaceae,Agaricales,Basidiomycota,0.0625,0.8189527,0.051184544
MAT.B4.WF,B4,Warmed.Fertilized,X10,Cortinarius_croceus_2,Cortinarius,Cortinariaceae,Agaricales,Basidiomycota,0,0.8189527,0
MAT.B4.WF,B4,Warmed.Fertilized,X11,Cortinarius_herpeticus,Cortinarius,Cortinariaceae,Agaricales,Basidiomycota,0,0.8189527,0
MAT.B4.WF,B4,Warmed.Fertilized,X12,Cortinarius_tabularis,Cortinarius,Cortinariaceae,Agricales,Basidiomycota,0,0.8189527,0
MAT.B4.WF,B4,Warmed.Fertilized,X13,Cortinarius_delibutus,Cortinarius,Cortinariaceae,Agaricales,Basidiomycota,0,0.8189527,0
MAT.B4.WF,B4,Warmed.Fertilized,X14,Cortinarius_sp._2,Cortinarius,Cortinariaceae,Agaricales,Basidiomycota,0,0.8189527,0
MAT.B4.WF,B4,Warmed.Fertilized,X15,Cortinarius_paragaudis,Cortinarius,Cortinariaceae,Agaricales,Basidiomycota,0,0.8189527,0
MAT.B4.WF,B4,Warmed.Fertilized,X16,Cortinarius_sp._3,Cortinarius,Cortinariaceae,Agaricales,Basidiomycota,0.09375,0.8189527,0.076776816
MAT.B4.WF,B4,Warmed.Fertilized,X17,Helotiales_sp._1,Helotiales_sp._1,Helotiales_sp._1,Helotiales,Ascomycota,0,0.8189527,0
MAT.B4.WF,B4,Warmed.Fertilized,X18,Laccaria_laccata,Laccaria,Tricholomataceae,Agaricales,Basidiomycota,0,0.8189527,0
MAT.B4.WF,B4,Warmed.Fertilized,X19,Lactarius_vietus_1,Lactarius,Russulaceae,Russulales,Basidiomycota,0.25,0.8189527,0.204738175
MAT.B4.WF,B4,Warmed.Fertilized,X20,Lactarius_glyciosmus,Lactarius,Russulaceae,Russulales,Basidiomycota,0.0625,0.8189527,0.051184544
MAT.B4.WF,B4,Warmed.Fertilized,X21,Lactarius_vietus_2,Lactarius,Russulaceae,Russulales,Basidiomycota,0,0.8189527,0
MAT.B4.WF,B4,Warmed.Fertilized,X22,Leccinum_holopus,Leccinum,Boletaceae,Boletales,Basidiomycota,0,0.8189527,0
MAT.B4.WF,B4,Warmed.Fertilized,X23,Leccinum_scabrum,Leccinum,Boletaceae,Boletales,Basidiomycota,0,0.8189527,0
MAT.B4.WF,B4,Warmed.Fertilized,X24,Leccinum_variicolor_1,Leccinum,Boletaceae,Boletales,Basidiomycota,0,0.8189527,0
MAT.B4.WF,B4,Warmed.Fertilized,X25,Leccinum_variicolor_2,Leccinum,Boletaceae,Boletales,Basidiomycota,0,0.8189527,0
MAT.B4.WF,B4,Warmed.Fertilized,X26,Leccinum_variicolor_3,Leccinum,Boletaceae,Boletales,Basidiomycota,0,0.8189527,0
MAT.B4.WF,B4,Warmed.Fertilized,X27,Leptodontidium_elatius,Leptodontidium,Helotiaceae,Helotiales,Ascomycota,0,0.8189527,0
MAT.B4.WF,B4,Warmed.Fertilized,X28,Meliniomyces_variabilis,Meliniomyces,Helotiaceae,Helotiales,Ascomycota,0,0.8189527,0
MAT.B4.WF,B4,Warmed.Fertilized,X29,Meliniomyces_bicolor,Meliniomyces,Helotiaceae,Helotiales,Ascomycota,0.0625,0.8189527,0.051184544
MAT.B4.WF,B4,Warmed.Fertilized,X30,Phialocephala_fortinii,Phialocephala,Helotiaceae,Helotiales,Ascomycota,0,0.8189527,0
MAT.B4.WF,B4,Warmed.Fertilized,X31,Pseudotomentella_sp._1,Pseudotomentella,Thelephoraceae,Theleporales,Basidiomycota,0,0.8189527,0
MAT.B4.WF,B4,Warmed.Fertilized,X32,Rhizoscyphus_ericae,Rhizoscyphus,Helotiaceae,Helotiales,Ascomycota,0,0.8189527,0
MAT.B4.WF,B4,Warmed.Fertilized,X33,Thelephora_terrestris,Thelephora,Thelephoraceae,Theleporales,Basidiomycota,0,0.8189527,0
MAT.B4.WF,B4,Warmed.Fertilized,X34,Tomentella_sublilacina,Tomentella,Thelephoraceae,Theleporales,Basidiomycota,0,0.8189527,0
MAT.B4.WF,B4,Warmed.Fertilized,X35,Tomentella_sp._1,Tomentella,Thelephoraceae,Theleporales,Basidiomycota,0,0.8189527,0
MAT.B4.WF,B4,Warmed.Fertilized,X36,Tomentellopsis_submollis,Tomentellopsis,Thelephoraceae,Theleporales,Basidiomycota,0.03125,0.8189527,0.025592272
MAT.B4.WF,B4,Warmed.Fertilized,X37,Russula_chamiteae,Russula,Russulaceae,Russulales,Basidiomycota,0.03125,0.8189527,0.025592272
MAT.B4.WF,B4,Warmed.Fertilized,X38,Russula_decolorans,Russula,Russulaceae,Russulales,Basidiomycota,0,0.8189527,0
MAT.B4.WF,B4,Warmed.Fertilized,X39,Russula_nitida/sphagnicola,Russula,Russulaceae,Russulales,Basidiomycota,0.125,0.8189527,0.102369088
MAT.B4.WF,B4,Warmed.Fertilized,X40,Russula_sp._1,Russula,Russulaceae,Russulales,Basidiomycota,0,0.8189527,0
MAT.B4.WF,B4,Warmed.Fertilized,X41,Russula_sp._2,Russula,Russulaceae,Russulales,Basidiomycota,0,0.8189527,0
MAT.B4.WF,B4,Warmed.Fertilized,X42,Russula_sp._3,Russula,Russulaceae,Russulales,Basidiomycota,0.03125,0.8189527,0.025592272
MAT.B4.WF,B4,Warmed.Fertilized,X43,Russula_sp._4,Russula,Russulaceae,Russulales,Basidiomycota,0,0.8189527,0
MAT.B4.WF,B4,Warmed.Fertilized,X44,Russula_vinosa,Russula,Russulaceae,Russulales,Basidiomycota,0,0.8189527,0